station,glatos_array,station_no,consecutive_deploy_no,intend_lat,intend_long,deploy_lat,deploy_long,recover_lat,recover_long,deploy_date_time,recover_date_time,bottom_depth,riser_length,instrument_depth,ins_model_no,glatos_ins_frequency,ins_serial_no,deployed_by,comments,glatos_seasonal,glatos_project,glatos_vps
PWC-002,PWC,2,1,,,46.50539,-84.35170,,,2010-04-16 14:11:00,2010-06-03 15:48:00,,,,VR2W,69,109418,,,Yes,SMRSL,N
SSM-006,SSM,6,1,,,46.50551,-84.33995,,,2010-04-16 14:56:00,2010-06-24 14:21:00,,,,VR2W,69,109123,,,Yes,SMRSL,Y
URC-001,URC,1,1,,,46.28528,-84.21113,,,2010-04-18 15:11:00,2010-08-04 19:35:00,,,,VR2W,69,109424,,,Yes,SMRSL,Y
URC-005,URC,5,1,,,46.28594,-84.21367,,,2010-04-19 18:31:00,2010-08-03 18:55:00,,,,VR2W,69,109447,,,Yes,SMRSL,Y
WEG-029,WEG,29,1,,,43.63326,-79.39591,,,2010-09-07 03:59:00,2010-11-18 05:00:00,,,,VR2W,69,109215,,,No,THFHA,Yes
BBI-005,BBI,5,1,,,45.70701,-84.41849,,,2010-09-14 15:58:00,2011-09-16 18:50:00,,,,VR2W,69,109493,,,NO,HECWL,NO
BBI-004,BBI,4,1,,,45.69908,-84.41951,,,2010-09-14 16:11:00,2011-09-16 17:00:00,,,,VR2W,69,109985,,,NO,HECWL,NO
BBI-003,BBI,3,1,,,45.69116,-84.41951,,,2010-09-14 16:20:00,2011-09-16 18:10:00,,,,VR2W,69,109908,,,NO,HECWL,NO
BBI-002,BBI,2,1,,,45.68316,-84.41941,,,2010-09-14 16:33:00,2011-09-16 19:20:00,,,,VR2W,69,109492,,,NO,HECWL,NO
FMP-003,FMP,3,1,,,45.50758,-83.90125,,,2010-09-15 15:30:00,2011-07-07 18:10:00,,,,VR2W,69,109499,,,NO,HECWL,NO
FMP-002,FMP,2,1,,,45.49911,-83.90592,,,2010-09-15 15:39:00,2011-07-07 17:10:00,,,,VR2W,69,109509,,,NO,HECWL,NO
FMP-001,FMP,1,1,,,45.49065,-83.91050,,,2010-09-15 15:48:00,2011-11-30 09:45:00,,,,VR2W,69,109487,,,YES,HECWL,NO
PRS-001,PRS,1,1,,,45.33385,-83.45832,,,2010-09-15 17:26:00,2011-10-25 18:50:00,,,,VR2W,69,109481,,,NO,HECWL,NO
PRS-002,PRS,2,1,,,45.33988,-83.44838,,,2010-09-15 17:33:00,2011-10-25 18:15:00,,,,VR2W,69,109516,,,NO,HECWL,NO
PRS-003,PRS,3,1,,,45.34606,-83.43851,,,2010-09-15 17:41:00,2011-10-25 17:09:00,,,,VR2W,69,109477,,,NO,HECWL,NO
SBO-011,SBO,11,1,,,44.19940,-83.33909,,,2010-09-20 13:17:00,2011-07-15 12:53:00,,,,VR2W,69,109491,,,NO,HECWL,NO
SBO-012,SBO,12,1,,,44.19477,-83.32854,,,2010-09-20 13:19:00,2011-07-15 13:21:00,,,,VR2W,69,109508,,,NO,HECWL,NO
SBO-023,SBO,23,1,,,44.13106,-83.22704,,,2010-09-20 13:25:00,2011-07-25 17:01:00,,,,VR2W,69,109482,,,NO,HECWL,NO
SBO-013,SBO,13,1,,,44.18998,-83.31771,,,2010-09-20 13:30:00,2011-07-28 15:11:00,,,,VR2W,69,109413,,,NO,HECWL,NO
SBO-024,SBO,24,1,,,44.12350,-83.22039,,,2010-09-20 13:34:00,2011-07-27 12:11:00,,,,VR2W,69,109473,,,NO,HECWL,NO
SBO-014,SBO,14,1,,,44.18523,-83.30735,,,2010-09-20 13:40:00,2011-07-15 14:24:00,,,,VR2W,69,109121,,,NO,HECWL,NO
SBO-025,SBO,25,1,,,44.11592,-83.21357,,,2010-09-20 13:44:00,2011-07-27 12:36:00,,,,VR2W,69,109900,,,NO,HECWL,NO
SBO-015,SBO,15,1,,,44.18059,-83.29639,,,2010-09-20 13:45:00,2011-07-15 14:52:00,,,,VR2W,69,109466,,,NO,HECWL,NO
SBO-016,SBO,16,1,,,44.17583,-83.28564,,,2010-09-20 13:48:00,2011-07-15 15:19:00,,,,VR2W,69,109430,,,NO,HECWL,NO
SBO-026,SBO,26,1,,,44.10836,-83.20684,,,2010-09-20 13:54:00,2011-07-27 13:00:00,,,,VR2W,69,109120,,,NO,HECWL,NO
SBO-017,SBO,17,1,,,44.17114,-83.27499,,,2010-09-20 14:00:00,2011-07-28 14:43:00,,,,VR2W,69,109511,,,NO,HECWL,NO
SBO-027,SBO,27,1,,,44.10088,-83.20018,,,2010-09-20 14:03:00,2011-07-27 13:31:00,,,,VR2W,69,109923,,,NO,HECWL,NO
SBO-018,SBO,18,1,,,44.16636,-83.26433,,,2010-09-20 14:06:00,2011-07-19 12:54:00,,,,VR2W,69,109899,,,NO,HECWL,NO
SBO-028,SBO,28,1,,,44.09323,-83.19340,,,2010-09-20 14:12:00,2011-07-27 13:59:00,,,,VR2W,69,109483,,,NO,HECWL,NO
SBO-019,SBO,19,1,,,44.16171,-83.25365,,,2010-09-20 14:15:00,2011-07-28 13:58:00,,,,VR2W,69,109931,,,NO,HECWL,NO
SBO-020,SBO,20,1,,,44.15374,-83.24733,,,2010-09-20 14:20:00,2011-07-28 13:30:00,,,,VR2W,69,109455,,,NO,HECWL,NO
SBO-029,SBO,29,1,,,44.08565,-83.18666,,,2010-09-20 14:22:00,2011-07-27 14:20:00,,,,VR2W,69,109452,,,NO,HECWL,NO
SBO-021,SBO,21,1,,,44.14623,-83.24054,,,2010-09-20 14:29:00,2011-07-28 12:42:00,,,,VR2W,69,109123,,,NO,HECWL,NO
SBO-030,SBO,30,1,,,44.07811,-83.17998,,,2010-09-20 14:31:00,2011-07-27 14:44:00,,,,VR2W,69,109459,,,NO,HECWL,NO
SBO-022,SBO,22,1,,,44.13867,-83.23383,,,2010-09-20 14:35:00,2011-07-25 16:26:00,,,,VR2W,69,109405,,,NO,HECWL,NO
SBO-031,SBO,31,1,,,44.07052,-83.17311,,,2010-09-20 14:39:00,2011-07-27 15:04:00,,,,VR2W,69,109127,,,NO,HECWL,NO
SBO-032,SBO,32,1,,,44.06288,-83.16625,,,2010-09-20 14:45:00,2011-07-27 15:24:00,,,,VR2W,69,109122,,,NO,HECWL,NO
SBO-033,SBO,33,1,,,44.05533,-83.15958,,,2010-09-20 14:56:00,2011-07-27 15:56:00,,,,VR2W,69,109448,,,NO,HECWL,NO
SBO-034,SBO,34,1,,,44.04770,-83.15303,,,2010-09-20 15:02:00,2011-07-27 16:53:00,,,,VR2W,69,109456,,,NO,HECWL,NO
SBO-035,SBO,35,1,,,44.04006,-83.14605,,,2010-09-20 15:08:00,2011-09-01 13:55:00,,,,VR2W,69,109479,,,NO,HECWL,NO
SBO-036,SBO,36,1,,,44.03257,-83.13947,,,2010-09-20 15:14:00,2011-07-27 17:52:00,,,,VR2W,69,109978,,,NO,HECWL,NO
SBO-038,SBO,38,1,,,44.01747,-83.12594,,,2010-09-20 15:28:00,,,,,VR2W,69,109918,,,NO,HECWL,NO
SBO-001,SBO,1,1,,,44.24647,-83.44589,,,2010-09-20 16:11:00,2011-07-12 14:33:00,,,,VR2W,69,109431,,,NO,HECWL,NO
SBO-002,SBO,2,1,,,44.24176,-83.43524,,,2010-09-20 16:18:00,2011-07-12 15:20:00,,,,VR2W,69,109446,,,NO,HECWL,NO
SBO-003,SBO,3,1,,,44.23710,-83.42445,,,2010-09-20 16:20:00,2011-07-12 15:44:00,,,,VR2W,69,106324,,,NO,HECWL,NO
SBO-005,SBO,5,1,,,44.22764,-83.40318,,,2010-09-20 16:35:00,2010-11-16 18:05:00,,,,VR2W,69,109416,,,NO,HECWL,NO
SBO-006,SBO,6,1,,,44.22293,-83.39249,,,2010-09-20 16:40:00,2011-07-12 16:58:00,,,,VR2W,69,109408,,,NO,HECWL,NO
SBO-007,SBO,7,1,,,44.21821,-83.38181,,,2010-09-20 16:43:00,2011-07-12 17:29:00,,,,VR2W,69,109933,,,NO,HECWL,NO
SBO-008,SBO,8,1,,,44.21350,-83.37114,,,2010-09-20 16:50:00,2011-07-12 17:55:00,,,,VR2W,69,109507,,,NO,HECWL,NO
SBO-009,SBO,9,1,,,44.20876,-83.36047,,,2010-09-20 17:05:00,2011-07-15 11:59:00,,,,VR2W,69,109471,,,NO,HECWL,NO
SBO-010,SBO,10,1,,,44.20408,-83.34979,,,2010-09-20 17:12:00,2011-07-15 12:29:00,,,,VR2W,69,109503,,,NO,HECWL,NO
SBI-019,SBI,19,1,,,44.09963,-83.35863,,,2010-09-20 18:09:00,2011-07-19 15:56:00,,,,VR2W,69,109474,,,NO,HECWL,NO
SBI-020,SBI,20,1,,,44.09210,-83.35192,,,2010-09-20 18:16:00,2011-08-31 14:04:00,,,,VR2W,69,109504,,,NO,HECWL,NO
SBI-022,SBI,22,1,,,44.07715,-83.33784,,,2010-09-20 18:32:00,,,,,VR2W,69,109497,,,NO,HECWL,NO
SBI-007,SBI,7,1,,,44.15433,-83.48784,,,2010-09-20 18:36:00,2011-07-14 14:04:00,,,,VR2W,69,109506,,,NO,HECWL,NO
SBI-023,SBI,23,1,,,44.06965,-83.33105,,,2010-09-20 18:39:00,2011-08-31 16:08:00,,,,VR2W,69,109928,,,NO,HECWL,NO
SBI-024,SBI,24,1,,,44.06202,-83.32402,,,2010-09-20 18:45:00,2011-08-31 16:43:00,,,,VR2W,69,109986,,,NO,HECWL,NO
SBI-008,SBI,8,1,,,44.14976,-83.47710,,,2010-09-20 18:45:00,2011-07-14 14:29:00,,,,VR2W,69,109460,,,NO,HECWL,NO
SBI-009,SBI,9,1,,,44.14518,-83.46636,,,2010-09-20 18:50:00,2011-07-14 14:53:00,,,,VR2W,69,106323,,,NO,HECWL,NO
SBI-025,SBI,25,1,,,44.05467,-83.31693,,,2010-09-20 18:51:00,2011-07-22 12:37:00,,,,VR2W,69,109427,,,NO,HECWL,NO
SBI-026,SBI,26,1,,,44.04720,-83.31007,,,2010-09-20 18:56:00,2011-07-22 13:08:00,,,,VR2W,69,109469,,,NO,HECWL,NO
SBI-010,SBI,10,1,,,44.14067,-83.45554,,,2010-09-20 18:57:00,2011-07-14 15:25:00,,,,VR2W,69,109513,,,NO,HECWL,NO
SBI-027,SBI,27,1,,,44.03978,-83.30296,,,2010-09-20 19:01:00,2011-08-31 17:25:00,,,,VR2W,69,109442,,,NO,HECWL,NO
SBI-011,SBI,11,1,,,44.13609,-83.44477,,,2010-09-20 19:03:00,2011-07-14 15:49:00,,,,VR2W,69,109476,,,NO,HECWL,NO
SBI-028,SBI,28,1,,,44.03228,-83.29612,,,2010-09-20 19:06:00,2011-07-22 13:47:00,,,,VR2W,69,109468,,,NO,HECWL,NO
SBI-012,SBI,12,1,,,44.13150,-83.43400,,,2010-09-20 19:10:00,2011-07-14 16:07:00,,,,VR2W,69,109488,,,NO,HECWL,NO
SBI-029,SBI,29,1,,,44.02479,-83.28914,,,2010-09-20 19:12:00,2011-07-22 14:19:00,,,,VR2W,69,109437,,,NO,HECWL,NO
SBI-013,SBI,13,1,,,44.12693,-83.42320,,,2010-09-20 19:15:00,2011-07-14 16:26:00,,,,VR2W,69,109462,,,NO,HECWL,NO
SBI-030,SBI,30,1,,,44.01734,-83.28199,,,2010-09-20 19:18:00,2011-08-31 17:58:00,,,,VR2W,69,109484,,,NO,HECWL,NO
SBI-014,SBI,14,1,,,44.12246,-83.41243,,,2010-09-20 19:20:00,2011-07-14 17:01:00,,,,VR2W,69,109467,,,NO,HECWL,NO
SBI-015,SBI,15,1,,,44.11783,-83.40165,,,2010-09-20 19:25:00,2011-07-14 17:26:00,,,,VR2W,69,109407,,,NO,HECWL,NO
SBI-031,SBI,31,1,,,44.00983,-83.27503,,,2010-09-20 19:26:00,2011-07-22 15:01:00,,,,VR2W,69,109505,,,NO,HECWL,NO
SBI-016,SBI,16,1,,,44.11323,-83.39078,,,2010-09-20 19:30:00,2011-08-30 17:14:00,,,,VR2W,69,109494,,,NO,HECWL,NO
SBI-032,SBI,32,1,,,44.00227,-83.26808,,,2010-09-20 19:30:00,2011-07-22 15:13:00,,,,VR2W,69,109920,,,NO,HECWL,NO
SBI-017,SBI,17,1,,,44.10872,-83.38012,,,2010-09-20 19:35:00,2011-08-31 13:31:00,,,,VR2W,69,109126,,,NO,HECWL,NO
SBI-033,SBI,33,1,,,43.99490,-83.26111,,,2010-09-20 19:35:00,2011-07-22 15:59:00,,,,VR2W,69,109490,,,NO,HECWL,NO
SBI-018,SBI,18,1,,,44.10415,-83.36927,,,2010-09-20 19:42:00,2011-07-14 18:59:00,,,,VR2W,69,109515,,,NO,HECWL,NO
SBI-034,SBI,34,1,,,43.98744,-83.25395,,,2010-09-20 19:42:00,2011-08-31 18:40:00,,,,VR2W,69,109517,,,NO,HECWL,NO
SBI-002,SBI,2,1,,,44.17713,-83.54172,,,2010-09-22 12:13:00,,,,,VR2W,69,109444,,,NO,HECWL,NO
SBI-004,SBI,4,1,,,44.16792,-83.52018,,,2010-09-22 12:26:00,2010-11-16 19:55:00,,,,VR2W,69,109424,,,NO,HECWL,NO
SBI-005,SBI,5,1,,,44.16338,-83.50944,,,2010-09-22 12:31:00,2011-08-30 15:34:00,,,,VR2W,69,109425,,,NO,HECWL,NO
OSC-012,OSC,12,1,,,44.45154,-83.17941,,,2010-09-22 13:10:00,2011-07-21 14:03:00,,,,VR2W,69,109443,,,NO,HECWL,NO
OSC-011,OSC,11,1,,,44.45151,-83.19199,,,2010-09-22 13:20:00,2011-09-01 18:00:00,,,,VR2W,69,109489,,,NO,HECWL,NO
OSC-010,OSC,10,1,,,44.45147,-83.20462,,,2010-09-22 13:30:00,2011-07-21 15:25:00,,,,VR2W,69,109417,,,NO,HECWL,NO
OSC-009,OSC,9,1,,,44.45146,-83.21752,,,2010-09-22 13:35:00,2011-07-21 16:30:00,,,,VR2W,69,109432,,,NO,HECWL,NO
OSC-008,OSC,8,1,,,44.45155,-83.23006,,,2010-09-22 13:45:00,2011-07-21 17:14:00,,,,VR2W,69,109441,,,NO,HECWL,NO
OSC-007,OSC,7,1,,,44.45155,-83.24261,,,2010-09-22 13:50:00,2011-07-21 17:37:00,,,,VR2W,69,109447,,,NO,HECWL,NO
OSC-006,OSC,6,1,,,44.45159,-83.25502,,,2010-09-22 13:55:00,2011-07-21 18:01:00,,,,VR2W,69,109410,,,NO,HECWL,NO
OCO-001,OCO,1,1,44.88435,-87.86362,44.88435,-87.86362,44.88435,-87.86362,2010-09-22 14:10:00,2011-08-04 14:30:00,2,0,1.5,VR2W,69,101202,"Donofrio, Michael C","",No,GBSTG,No
MEN-002,MEN,2,1,45.09698,-87.60445,45.09698,-87.60445,45.09698,-87.60445,2010-09-22 16:20:00,2015-01-09 17:00:00,2,0,2,VR2W,69,103687,"Donofrio, Michael C","",No,GBSTG,No
STG-010,STG,10,1,,,44.71326,-83.15053,,,2010-09-22 16:20:00,2011-10-07 14:15:00,,,,VR2W,69,106784,,,NO,HECWL,NO
STG-009,STG,9,1,,,44.71332,-83.16315,,,2010-09-22 16:35:00,2011-10-07 15:13:00,,,,VR2W,69,109406,,,NO,HECWL,NO
STG-008,STG,8,1,,,44.71335,-83.17568,,,2010-09-22 16:40:00,2011-10-07 15:54:00,,,,VR2W,69,109423,,,NO,HECWL,NO
STG-007,STG,7,1,,,44.71330,-83.18826,,,2010-09-22 16:45:00,2011-10-07 16:30:00,,,,VR2W,69,109973,,,NO,HECWL,NO
STG-006,STG,6,1,,,44.71321,-83.20109,,,2010-09-22 16:55:00,2011-10-07 17:05:00,,,,VR2W,69,109629,,,NO,HECWL,NO
STG-005,STG,5,1,,,44.71324,-83.21374,,,2010-09-22 17:00:00,2011-10-07 17:32:00,,,,VR2W,69,109502,,,NO,HECWL,NO
STG-004,STG,4,1,,,44.71335,-83.22667,,,2010-09-22 17:10:00,2011-10-07 18:00:00,,,,VR2W,69,109919,,,NO,HECWL,NO
STG-003,STG,3,1,,,44.71315,-83.23911,,,2010-09-22 17:15:00,2011-10-06 20:35:00,,,,VR2W,69,109486,,,NO,HECWL,NO
STG-002,STG,2,1,,,44.71320,-83.25136,,,2010-09-22 17:20:00,2011-10-06 20:00:00,,,,VR2W,69,109495,,,NO,HECWL,NO
WHT-002,WHT,2,1,,,43.73172,-82.59050,,,2010-09-22 17:25:00,2011-10-05 23:55:00,,,,VR2W,69,109478,,,NO,HECWL,NO
WHT-003,WHT,3,1,,,43.73314,-82.57883,,,2010-09-22 17:32:00,2011-04-18 22:12:00,,,,VR2W,69,109451,,,NO,HECWL,NO
WHT-004,WHT,4,1,,,43.73468,-82.56692,,,2010-09-22 17:37:00,2011-10-05 22:18:00,,,,VR2W,69,109433,,,NO,HECWL,NO
WHT-005,WHT,5,1,,,43.73628,-82.55533,,,2010-09-22 17:42:00,2011-10-05 21:50:00,,,,VR2W,69,109463,,,NO,HECWL,NO
WHT-006,WHT,6,1,,,43.73772,-82.54323,,,2010-09-22 17:47:00,2011-10-05 21:20:00,,,,VR2W,69,109470,,,NO,HECWL,NO
WHT-007,WHT,7,1,,,43.73947,-82.53177,,,2010-09-22 17:54:00,2011-10-05 20:28:00,,,,VR2W,69,109412,,,NO,HECWL,NO
WHT-009,WHT,9,1,,,43.74216,-82.50791,,,2010-09-22 18:05:00,2012-08-15 16:52:00,,,,VR2W,69,109450,,,NO,HECWL,NO
WHT-010,WHT,10,1,,,43.74395,-82.49609,,,2010-09-22 18:11:00,2011-10-05 17:00:00,,,,VR2W,69,109426,,,NO,HECWL,NO
THB-016,THB,16,1,,,45.01826,-83.27342,,,2010-09-22 20:20:00,2011-07-29 13:29:00,,,,VR2W,69,109498,,,NO,HECWL,NO
THB-015,THB,15,1,,,45.00953,-83.27658,,,2010-09-22 20:25:00,2011-07-29 13:43:00,,,,VR2W,69,109496,,,NO,HECWL,NO
THB-014,THB,14,1,,,45.00084,-83.27970,,,2010-09-22 20:30:00,2011-07-29 14:16:00,,,,VR2W,69,109472,,,NO,HECWL,NO
THB-013,THB,13,1,,,44.99206,-83.28281,,,2010-09-22 20:35:00,2011-07-29 14:39:00,,,,VR2W,69,109461,,,NO,HECWL,NO
THB-012,THB,12,1,,,44.98333,-83.28593,,,2010-09-22 20:40:00,2011-07-29 15:00:00,,,,VR2W,69,109429,,,NO,HECWL,NO
THB-011,THB,11,1,,,44.97453,-83.28923,,,2010-09-22 20:45:00,2011-10-03 18:00:00,,,,VR2W,69,109454,,,NO,HECWL,NO
THB-010,THB,10,1,,,44.96583,-83.29216,,,2010-09-22 20:50:00,2011-07-29 15:40:00,,,,VR2W,69,109414,,,NO,HECWL,NO
THB-009,THB,9,1,,,44.95706,-83.29517,,,2010-09-22 20:57:00,2011-07-29 16:04:00,,,,VR2W,69,109124,,,NO,HECWL,NO
THB-008,THB,8,1,,,44.94828,-83.29829,,,2010-09-22 21:00:00,2011-07-29 16:24:00,,,,VR2W,69,109428,,,NO,HECWL,NO
THB-007,THB,7,1,,,44.93958,-83.30164,,,2010-09-22 21:05:00,2011-08-29 19:45:00,,,,VR2W,69,109436,,,NO,HECWL,NO
THB-006,THB,6,1,,,44.93080,-83.30460,,,2010-09-22 21:10:00,2011-08-29 19:23:00,,,,VR2W,69,109422,,,NO,HECWL,NO
THB-005,THB,5,1,,,44.92204,-83.30767,,,2010-09-22 21:15:00,2011-08-29 19:02:00,,,,VR2W,69,109449,,,NO,HECWL,NO
DTR-004,DTR,4,2,,,45.99861,-83.89160,,,2010-11-12 20:48:00,2012-05-10 13:30:00,,,,VR3,69,446,,,No,DRMLT,No
SBO-005,SBO,5,2,,,44.22768,-83.40310,,,2010-11-16 18:15:00,2011-07-12 16:30:00,,,,VR2W,69,109416,,,NO,HECWL,NO
SBI-004,SBI,4,2,,,44.16791,-83.52012,,,2010-11-16 20:10:00,2011-07-12 19:56:00,,,,VR2W,69,109424,,,NO,HECWL,NO
GAT-016,GAT,16,2,,,43.62423,-79.34718,,,2010-11-17 04:59:00,2011-05-20 04:00:00,,,,VR2W,69,104773,,,No,THFHA,Yes
GAT-017,GAT,17,2,,,43.62546,-79.35013,,,2010-11-17 04:59:00,2011-05-10 04:00:00,,,,VR2W,69,111033,,,No,THFHA,Yes
GAT-020,GAT,20,2,,,43.62442,-79.35277,,,2010-11-17 04:59:00,2011-05-20 04:00:00,,,,VR2W,69,111031,,,No,THFHA,Yes
GAT-021,GAT,21,2,,,43.62313,-79.34986,,,2010-11-17 04:59:00,2011-05-10 04:00:00,,,,VR2W,69,111032,,,No,THFHA,Yes
EMD-080,EMD,80,1,,,43.63258,-79.32763,,,2010-11-18 04:59:00,2011-05-09 04:00:00,,,,VR2W,69,109220,,,No,THFHA,No
GAT-015,GAT,15,2,,,43.62300,-79.34426,,,2010-11-19 04:59:00,2011-05-09 04:00:00,,,,VR2W,69,109218,,,No,THFHA,Yes
GAT-018,GAT,18,2,,,43.62672,-79.35312,,,2010-11-19 04:59:00,2011-04-27 04:00:00,,,,VR2W,69,111035,,,No,THFHA,Yes
GAT-019,GAT,19,2,,,43.62562,-79.35557,,,2010-11-19 04:59:00,2011-08-18 04:00:00,,,,VR2W,69,111034,,,No,THFHA,Yes
GAT-022,GAT,22,2,,,43.62191,-79.34692,,,2010-11-19 04:59:00,2011-05-09 04:00:00,,,,VR2W,69,104769,,,No,THFHA,Yes
OHM-001,OHM,1,2,,,43.63956,-79.32485,,,2010-11-19 04:59:00,2011-04-19 04:00:00,,,,VR2W,69,104768,,,No,THFHA,No
TOI-027,TOI,27,2,,,43.62138,-79.38925,,,2010-11-19 04:59:00,2011-04-20 04:00:00,,,,VR2W,69,104770,,,No,THFHA,Yes
WEG-028,WEG,28,2,,,43.63092,-79.40036,,,2010-11-19 04:59:00,2011-04-18 04:00:00,,,,VR2W,69,104776,,,No,THFHA,Yes
WEG-029,WEG,29,2,,,43.63326,-79.39591,,,2010-11-19 04:59:00,2011-04-18 04:00:00,,,,VR2W,69,109215,,,No,THFHA,Yes
CHB-002,CHB,2,2,,,43.64033,-79.33105,,,2010-11-20 04:59:00,2011-04-19 04:00:00,,,,VR2W,69,109219,,,No,THFHA,No
EAG-031,EAG,31,2,,,43.63459,-79.35335,,,2010-11-20 04:59:00,2011-04-18 04:00:00,,,,VR2W,69,104766,,,No,THFHA,Yes
EAG-032,EAG,32,2,,,43.63211,-79.35042,,,2010-11-20 04:59:00,2011-04-20 04:00:00,,,,VR2W,69,104767,,,No,THFHA,Yes
EMA-014,EMA,14,2,,,43.62084,-79.34173,,,2010-11-20 04:59:00,2011-05-10 04:00:00,,,,VR2W,69,104771,,,No,THFHA,Yes
EMB-013,EMB,13,2,,,43.62453,-79.33883,,,2010-11-20 04:59:00,2011-04-19 04:00:00,,,,VR2W,69,104778,,,No,THFHA,Yes
EMC-010,EMC,10,2,,,43.62758,-79.33495,,,2010-11-20 04:59:00,2011-04-19 04:00:00,,,,VR2W,69,104777,,,No,THFHA,No
EMC-009,EMC,9,2,,,43.62932,-79.33670,,,2010-11-20 04:59:00,2011-04-19 04:00:00,,,,VR2W,69,109217,,,No,THFHA,No
C23-033,C23,33,1,,,43.62740,-79.32747,,,2010-11-23 04:59:00,2011-04-19 04:00:00,,,,VR2W,69,105260,,,No,THFHA,Yes
DOR-034,DOR,34,1,,,43.64554,-79.35910,,,2010-11-23 04:59:00,2011-04-18 04:00:00,,,,VR2W,69,104774,,,No,THFHA,Yes
UBA-005,UBA,5,1,,,43.35561,-85.92939,,,2011-03-16 04:00:00,2012-06-18 04:00:00,,,,SUR-3BT,69,10408,,,yes,MRSST,no
MAU-001,MAU,1,1,,,41.57100,-83.61712,,,2011-03-25 17:00:00,2011-05-09 19:15:00,2,0.5,1.5,VR2W,69,112970,,,Yes,LEWAE,No
MAU-002,MAU,2,1,,,41.57428,-83.60693,,,2011-03-25 17:30:00,2011-05-03 17:30:00,2,0.5,1.5,VR2W,69,112977,,,Yes,LEWAE,No
MAU-003,MAU,3,1,,,41.57612,-83.61071,,,2011-03-25 18:00:00,2011-05-03 18:30:00,1.5,0.5,1,VR2W,69,112975,,,Yes,LEWAE,No
SGR-001,SGR,1,1,,,43.61235,-83.86106,,,2011-03-28 21:29:00,2011-07-13 20:50:00,,,,VR2W,69,109907,,,NO,HECWL,NO
SGR-002,SGR,2,1,,,43.60961,-83.88665,,,2011-03-28 21:55:00,,,,,VR2W,69,109994,,,NO,HECWL,NO
TTB-001,TTB,1,1,,,43.38709,-83.98743,,,2011-03-29 16:13:00,2011-07-20 14:46:00,,,,VR2W,69,109409,,,YES,HECWL,NO
TTB-002,TTB,2,1,,,43.39165,-83.99259,,,2011-03-29 17:21:00,2011-07-20 14:26:00,,,,VR2W,69,110012,,,YES,HECWL,NO
HBO-007,HBO,7,2,,,45.49143,-84.07414,45.49143,-84.07414,2011-04-08 14:24:00,2011-06-30 15:41:00,,,,VR2W,69,109893,Trevor Meckley,,Yes,HBSLM,No
HBO-008,HBO,8,2,,,45.49170,-84.07668,45.49170,-84.07668,2011-04-08 15:12:00,2011-06-30 15:37:00,,,,VR2W,69,109998,Trevor Meckley,,Yes,HBSLM,No
HBO-009,HBO,9,2,,,45.49236,-84.07948,45.49236,-84.07948,2011-04-08 15:25:00,2011-06-30 15:30:00,,,,VR2W,69,109465,Trevor Meckley,,Yes,HBSLM,No
HBO-010,HBO,10,2,,,45.49300,-84.08176,45.49300,-84.08176,2011-04-08 15:37:00,2011-06-30 15:24:00,,,,VR2W,69,109872,Trevor Meckley,,Yes,HBSLM,No
HBO-006,HBO,6,2,,,45.49273,-84.07177,45.49273,-84.07177,2011-04-09 04:29:00,2011-06-30 19:01:00,,,,VR2W,69,109967,Trevor Meckley,,Yes,HBSLM,No
HBO-005,HBO,5,2,,,45.49088,-84.07047,45.49088,-84.07047,2011-04-09 12:35:00,2011-06-30 19:01:00,,,,VR2W,69,109868,Trevor Meckley,,Yes,HBSLM,No
HBO-004,HBO,4,2,,,45.49063,-84.06787,45.49063,-84.06787,2011-04-09 12:46:00,2011-06-30 18:54:00,,,,VR2W,69,110013,Trevor Meckley,,Yes,HBSLM,No
HBO-003,HBO,3,2,,,45.49053,-84.06539,45.49053,-84.06539,2011-04-09 12:54:00,2011-06-30 18:39:00,,,,VR2W,69,106785,Trevor Meckley,,Yes,HBSLM,No
HBO-002,HBO,2,2,,,45.49036,-84.06289,45.49036,-84.06289,2011-04-09 13:02:00,2011-06-30 18:27:00,,,,VR2W,69,109885,Trevor Meckley,,Yes,HBSLM,No
BMR-046,BMR,46,2,,,45.53757,-84.12908,45.53757,-84.12908,2011-04-09 13:51:00,2011-07-06 13:30:00,,,,VR2W,69,109891,Trevor Meckley,,Yes,HBSLM,No
HBE-031,HBE,31,2,,,45.49892,-84.07893,45.49892,-84.07893,2011-04-09 13:51:00,2011-07-06 13:30:00,,,,VR2W,69,109979,Trevor Meckley,,Yes,HBSLM,No
HBE-039,HBE,39,2,,,45.53589,-84.11617,45.53589,-84.11617,2011-04-09 13:51:00,2011-07-06 13:30:00,,,,VR2W,69,109987,Trevor Meckley,,Yes,HBSLM,No
HBO-001,HBO,1,2,,,45.49044,-84.06032,45.49044,-84.06032,2011-04-09 13:51:00,2011-06-30 18:24:00,,,,VR2W,69,110014,Trevor Meckley,,Yes,HBSLM,No
OQR-040,OQR,40,2,,,45.48985,-84.07403,45.48985,-84.07403,2011-04-09 13:51:00,2011-07-06 13:30:00,,,,VR2W,69,109917,Trevor Meckley,,Yes,HBSLM,No
OQR-041,OQR,41,2,,,45.48913,-84.07684,45.48913,-84.07684,2011-04-09 13:51:00,2011-07-06 13:30:00,,,,VR2W,69,112976,Trevor Meckley,,Yes,HBSLM,No
OQR-042,OQR,42,2,,,45.48496,-84.08998,45.48467,-84.07684,2011-04-09 13:51:00,2011-07-06 13:30:00,,,,VR2W,69,112967,Trevor Meckley,,Yes,HBSLM,No
OQR-043,OQR,43,2,,,45.48495,-84.09096,45.48495,-84.09096,2011-04-09 13:51:00,2011-07-06 13:30:00,,,,VR2W,69,109972,Trevor Meckley,,Yes,HBSLM,No
OQR-044,OQR,44,2,,,45.48194,-84.10470,45.48194,-84.10470,2011-04-09 13:51:00,2011-07-06 13:30:00,,,,VR2W,69,112964,Trevor Meckley,,Yes,HBSLM,No
OQR-045,OQR,45,2,,,45.48179,-84.10725,45.48179,-84.10725,2011-04-09 13:51:00,2011-07-06 13:30:00,,,,VR2W,69,109989,Trevor Meckley,,Yes,HBSLM,No
HBO-037,HBO,37,2,,,45.49145,-84.05645,45.49145,-84.05645,2011-04-09 14:00:00,2011-07-06 13:30:00,,,,VR2W,69,109977,Trevor Meckley,,Yes,HBSLM,No
HBO-023,HBO,23,2,,,45.49280,-84.05826,45.49280,-84.05826,2011-04-09 14:13:00,2011-06-29 19:04:00,,,,VR2W,69,112960,Trevor Meckley,,Yes,HBSLM,No
HBO-022,HBO,22,2,,,45.49212,-84.06191,45.49212,-84.06191,2011-04-09 14:25:00,2011-06-29 19:19:00,,,,VR2W,69,109912,Trevor Meckley,,Yes,HBSLM,No
HBO-011,HBO,11,2,,,45.49363,-84.08400,45.49363,-84.08400,2011-04-09 15:14:00,2011-06-30 15:20:00,,,,VR2W,69,112971,Trevor Meckley,,Yes,HBSLM,No
HBO-012,HBO,12,2,,,45.49455,-84.08655,45.49455,-84.08655,2011-04-09 15:25:00,2011-06-30 15:11:00,,,,VR2W,69,112961,Trevor Meckley,,Yes,HBSLM,No
HBO-030,HBO,30,2,,,45.49716,-84.08674,45.49716,-84.08674,2011-04-09 15:35:00,2011-06-29 16:45:00,,,,VR2W,69,112959,Trevor Meckley,,Yes,HBSLM,No
HBO-013,HBO,13,2,,,45.49607,-84.08431,45.49607,-84.08431,2011-04-09 15:47:00,2011-06-29 17:15:00,,,,VR2W,69,109887,Trevor Meckley,,Yes,HBSLM,No
HBO-014,HBO,14,2,,,45.49522,-84.08136,45.49522,-84.08136,2011-04-09 16:47:00,2011-06-30 19:54:00,,,,VR2W,69,109963,Trevor Meckley,,Yes,HBSLM,No
HBO-015,HBO,15,3,,,45.49441,-84.07949,45.49441,-84.07949,2011-04-09 17:01:00,2011-06-30 19:42:00,,,,VR2W,69,109480,Trevor Meckley,,Yes,HBSLM,No
ULP-004,ULP,4,1,,,41.70823,-87.92725,,,2011-04-11 05:00:00,,,,,VR2W,69,111500,,,no,CRSAC,no
TPA-005,TPA,5,1,,,45.63590,-84.47930,,,2011-04-11 14:17:00,2011-07-08 19:05:00,1.036,0.4572,0.579,VR2W,69,109910,,,Yes,CHBSL,No
TPA-004,TPA,4,1,,,45.63612,-84.47859,,,2011-04-11 14:34:00,2011-05-10 16:23:00,1.097,0.3048,0.792,VR2W,69,110008,,,Yes,CHBSL,No
TPA-003,TPA,3,1,,,45.63622,-84.47890,,,2011-04-11 14:58:00,2011-06-03 18:24:00,1.89,0.6096,1.28,VR2W,69,109952,,,Yes,CHBSL,No
TPA-001,TPA,1,1,,,45.63645,-84.47926,,,2011-04-11 15:33:00,2011-07-08 19:10:00,0.975,0.6096,0.366,VR2W,69,109992,,,Yes,CHBSL,No
TPA-002,TPA,2,1,,,45.63648,-84.47896,,,2011-04-11 15:49:00,2011-06-03 17:56:00,1.28,0.6096,0.671,VR2W,69,110006,,,Yes,CHBSL,No
DPA-004,DPA,4,1,,,45.63771,-84.47932,,,2011-04-11 16:03:00,2011-05-10 20:05:00,0.945,0.6096,0.335,VR2W,69,109974,,,Yes,CHBSL,No
DPA-003,DPA,3,1,,,45.63785,-84.47923,,,2011-04-11 16:15:00,2011-05-10 15:40:00,1.006,0.6096,0.396,VR2W,69,109904,,,Yes,CHBSL,No
DPA-001,DPA,1,1,,,45.63787,-84.47959,,,2011-04-11 18:46:00,2011-07-08 18:07:00,1.372,0.6096,0.762,VR2W,69,109980,,,Yes,CHBSL,No
DPA-002,DPA,2,1,,,45.63806,-84.47953,,,2011-04-11 18:52:00,2011-05-10 16:26:00,1.494,0.4572,1.036,VR2W,69,110000,,,Yes,CHBSL,No
DPW-001,DPW,1,1,,,45.63874,-84.48061,,,2011-04-11 19:07:00,2011-05-10 15:15:00,1.036,0.6096,0.427,VR2W,69,109955,,,Yes,CHBSL,No
UPS-001,UPS,1,1,,,45.64428,-84.47531,,,2011-04-11 19:49:00,2011-05-10 14:39:00,2.713,0.6096,2.103,VR2W,69,109982,,,Yes,CHBSL,No
DWM-002,DWM,2,1,,,45.65466,-84.46563,,,2011-04-11 20:15:00,2011-05-13 18:40:00,2.896,0.762,2.134,VR2W,69,110016,,,Yes,CHBSL,No
DWM-001,DWM,1,1,,,45.65738,-84.46418,,,2011-04-11 20:30:00,2011-05-13 19:00:00,3.322,0.762,2.56,VR2W,69,109924,,,Yes,CHBSL,No
UPA-001,UPA,1,1,,,45.63704,-84.48011,,,2011-04-12 13:22:00,2011-08-25 01:00:00,2.804,0.762,2.042,VR2W,69,109965,,,Yes,CHBSL,No
UPA-003,UPA,3,1,,,45.63688,-84.47999,,,2011-04-12 13:44:00,2011-05-13 16:34:00,3.78,0.762,3.018,VR2W,69,109958,,,Yes,CHBSL,No
UPA-004,UPA,4,1,,,45.63675,-84.48019,,,2011-04-12 13:55:00,2011-05-05 16:25:00,2.56,0.762,1.798,VR2W,69,109915,,,Yes,CHBSL,No
UPA-002,UPA,2,1,,,45.63706,-84.47976,,,2011-04-12 15:21:00,2011-05-13 16:16:00,2.743,0.762,1.981,VR2W,69,109926,,,Yes,CHBSL,No
UPA-005,UPA,5,1,,,45.63668,-84.47993,,,2011-04-12 15:30:00,2011-05-13 15:55:00,3.078,0.762,2.316,VR2W,69,109501,,,Yes,CHBSL,No
UPA-006,UPA,6,1,,,45.63634,-84.48022,,,2011-04-12 16:02:00,2011-05-13 17:42:00,3.322,0.762,2.56,VR2W,69,109895,,,Yes,CHBSL,No
UPA-007,UPA,7,1,,,45.63617,-84.48049,,,2011-04-12 16:10:00,2011-05-05 16:02:00,1.189,0.762,0.427,VR2W,69,110009,,,Yes,CHBSL,No
UPA-008,UPA,8,1,,,45.63619,-84.47998,,,2011-04-12 16:24:00,2011-05-13 17:03:00,1.554,0.762,0.792,VR2W,69,109940,,,Yes,CHBSL,No
UPA-009,UPA,9,1,,,45.63582,-84.48033,,,2011-04-12 17:47:00,2011-05-13 15:05:00,2.743,0.762,1.981,VR2W,69,109988,,,Yes,CHBSL,No
UPA-010,UPA,10,1,,,45.63584,-84.48000,,,2011-04-12 17:59:00,2011-05-13 14:40:00,2.042,0.762,1.28,VR2W,69,109954,,,Yes,CHBSL,No
UPD-001,UPD,1,1,,,45.62963,-84.47727,,,2011-04-12 18:52:00,2011-05-05 15:16:00,1.951,0.762,1.189,VR2W,69,110015,,,Yes,CHBSL,No
HBO-029,HBO,29,2,,,45.49775,-84.08208,45.49775,-84.08208,2011-04-13 14:39:00,2011-06-29 17:32:00,,,,VR2W,69,112962,Trevor Meckley,,Yes,HBSLM,No
HBO-017,HBO,17,2,,,45.49270,-84.07440,45.49270,-84.07440,2011-04-13 14:52:00,2011-06-30 19:28:00,,,,VR2W,69,109871,Trevor Meckley,,Yes,HBSLM,No
HBO-028,HBO,28,2,,,45.49628,-84.07811,45.49628,-84.07811,2011-04-13 15:13:00,2011-06-29 17:45:00,,,,VR2W,69,109959,Trevor Meckley,,Yes,HBSLM,No
HBO-032,HBO,32,2,,,45.49916,-84.07820,45.49916,-84.07820,2011-04-13 15:35:00,2011-06-30 13:18:00,,,,VR2W,69,109949,Trevor Meckley,,Yes,HBSLM,No
HBO-033,HBO,33,2,,,45.49766,-84.07419,45.49766,-84.07419,2011-04-13 15:41:00,2011-06-30 13:36:00,,,,VR2W,69,109950,Trevor Meckley,,Yes,HBSLM,No
HBO-027,HBO,27,2,,,45.49472,-84.07390,45.49472,-84.07390,2011-04-13 15:47:00,2011-06-29 17:57:00,,,,VR2W,69,112968,Trevor Meckley,,Yes,HBSLM,No
HBO-026,HBO,26,3,,,45.49394,-84.06971,45.49394,-84.06971,2011-04-13 16:00:00,2011-06-29 18:24:00,,,,VR2W,69,109485,Trevor Meckley,,Yes,HBSLM,No
HBO-019,HBO,19,2,,,45.49234,-84.07034,45.49234,-84.07034,2011-04-13 16:04:00,2011-06-30 19:19:00,,,,VR2W,69,112965,Trevor Meckley,,Yes,HBSLM,No
HBO-020,HBO,20,2,,,45.49205,-84.06707,45.49205,-84.06707,2011-04-13 16:10:00,2011-06-30 19:13:00,,,,VR2W,69,109944,Trevor Meckley,,Yes,HBSLM,No
HBO-021,HBO,21,2,,,45.49217,-84.06440,45.49217,-84.06440,2011-04-13 16:19:00,2011-06-29 19:47:00,,,,VR2W,69,112963,Trevor Meckley,,Yes,HBSLM,No
HBO-025,HBO,25,2,,,45.49406,-84.06486,45.49406,-84.06486,2011-04-13 16:24:00,2011-06-29 18:40:00,,,,VR2W,69,112978,Trevor Meckley,,Yes,HBSLM,No
HBO-038,HBO,38,2,,,45.49931,-84.07040,45.49931,-84.07040,2011-04-13 19:16:00,2011-06-30 14:54:00,,,,VR2W,69,112972,Trevor Meckley,,Yes,HBSLM,No
HBO-034,HBO,34,2,,,45.49636,-84.07007,45.49636,-84.07007,2011-04-13 19:30:00,2011-06-30 15:02:00,,,,VR2W,69,109894,Trevor Meckley,,Yes,HBSLM,No
HBO-035,HBO,35,2,,,45.49731,-84.06597,45.49731,-84.06597,2011-04-13 19:34:00,2011-06-30 14:35:00,,,,VR2W,69,109969,Trevor Meckley,,Yes,HBSLM,No
HBO-024,HBO,24,2,,,45.49416,-84.06107,45.49416,-84.06107,2011-04-13 19:47:00,2011-06-30 14:00:00,,,,VR2W,69,110002,Trevor Meckley,,Yes,HBSLM,No
HBO-036,HBO,36,2,,,45.49698,-84.06133,45.49698,-84.06133,2011-04-13 19:53:00,2011-06-30 14:12:00,,,,VR2W,69,106328,Trevor Meckley,,Yes,HBSLM,No
WHT-001,WHT,1,1,,,43.72957,-82.59796,,,2011-04-18 21:20:00,2011-10-05 23:20:00,,,,VR2W,69,109903,,,YES,HECWL,NO
WHT-003,WHT,3,2,,,43.73326,-82.57904,,,2011-04-18 22:20:00,2011-10-05 22:50:00,,,,VR2W,69,109451,,,NO,HECWL,NO
DOR-034,DOR,34,2,,,43.64554,-79.35910,,,2011-04-19 03:59:00,2011-08-18 04:00:00,,,,VR2W,69,104774,,,No,THFHA,Yes
EAG-031,EAG,31,3,,,43.63459,-79.35335,,,2011-04-19 03:59:00,2011-08-18 04:00:00,,,,VR2W,69,104766,,,No,THFHA,Yes
SPS-035,SPS,35,2,,,43.63744,-79.39143,,,2011-04-19 03:59:00,2011-08-18 04:00:00,,,,VR2W,69,104772,,,No,THFHA,Yes
WEG-028,WEG,28,3,,,43.63092,-79.40036,,,2011-04-19 03:59:00,2011-08-18 04:00:00,,,,VR2W,69,104776,,,No,THFHA,Yes
WEG-029,WEG,29,3,,,43.63326,-79.39591,,,2011-04-19 03:59:00,2011-08-18 04:00:00,,,,VR2W,69,109215,,,No,THFHA,Yes
BWA-001,BWA,1,1,,,43.00685,-82.41977,,,2011-04-19 14:10:00,2011-10-21 18:30:00,7,,,VR2W,69,109922,,,NO,HECST,NO
BWA-002,BWA,2,1,,,43.00373,-82.41725,,,2011-04-19 14:34:00,2013-05-19 05:34:00,5.8,,,VR2W,69,109925,,,NO,HECST,NO
BWB-001,BWB,1,1,,,42.97987,-82.41373,,,2011-04-19 16:31:00,2011-09-12 19:00:00,8.2,,,VR2W,69,109882,,,NO,HECST,NO
BWB-002,BWB,2,1,,,42.98182,-82.42081,,,2011-04-19 17:04:00,2011-09-12 18:15:00,6.1,,,VR2W,69,109943,,,NO,HECST,NO
CHB-002,CHB,2,3,,,43.64033,-79.33105,,,2011-04-20 03:59:00,2011-08-16 04:00:00,,,,VR2W,69,109219,,,No,THFHA,No
EMB-013,EMB,13,3,,,43.62453,-79.33883,,,2011-04-20 03:59:00,2011-08-14 04:00:00,,,,VR2W,69,104778,,,No,THFHA,Yes
EMC-010,EMC,10,3,,,43.62758,-79.33495,,,2011-04-20 03:59:00,2011-08-14 04:00:00,,,,VR2W,69,104777,,,No,THFHA,No
EMC-009,EMC,9,3,,,43.62932,-79.33670,,,2011-04-20 03:59:00,2011-08-17 04:00:00,,,,VR2W,69,109217,,,No,THFHA,No
OHM-001,OHM,1,3,,,43.63956,-79.32485,,,2011-04-20 03:59:00,2011-08-14 04:00:00,,,,VR2W,69,104768,,,No,THFHA,No
CE2-038,CE2,38,1,,,43.62807,-79.32715,,,2011-04-21 03:59:00,2011-08-16 04:00:00,,,,VR2W,69,105260,,,No,THFHA,Yes
CE3-037,CE3,37,1,,,43.62619,-79.33060,,,2011-04-21 03:59:00,2011-08-16 04:00:00,,,,VR2W,69,105467,,,No,THFHA,Yes
EAG-032,EAG,32,3,,,43.63211,-79.35042,,,2011-04-21 03:59:00,2011-08-18 04:00:00,,,,VR2W,69,104767,,,No,THFHA,Yes
TOI-027,TOI,27,3,,,43.62138,-79.38925,,,2011-04-21 03:59:00,2011-08-16 04:00:00,,,,VR2W,69,104770,,,No,THFHA,Yes
LVU-001,LVU,1,1,,,42.12767,-83.11902,,,2011-04-21 13:42:00,2011-11-28 15:30:00,,,,VR2W,69,110001,,,NO,HECWL,NO
LVU-002,LVU,2,1,,,42.11935,-83.11705,,,2011-04-21 14:06:00,2011-11-28 14:55:00,,,,VR2W,69,109976,,,NO,HECWL,NO
LVD-002,LVD,2,1,,,42.12159,-83.12621,,,2011-04-21 14:34:00,2012-01-21 16:28:00,,,,VR2W,69,109938,,,NO,HECWL,NO
LVD-001,LVD,1,1,,,42.12930,-83.12518,,,2011-04-21 14:51:00,2012-06-02 03:59:00,,,,VR2W,69,109937,,,NO,HECWL,NO
TRN-002,TRN,2,1,,,42.16149,-83.16592,,,2011-04-21 16:17:00,2011-11-28 20:00:00,,,,VR2W,69,112974,,,NO,HECWL,NO
TRN-001,TRN,1,1,,,42.18750,-83.15294,,,2011-04-21 16:46:00,2011-11-28 19:45:00,,,,VR2W,69,109939,,,NO,HECWL,NO
GRS-001,GRS,1,1,,,42.12896,-83.13953,,,2011-04-21 17:33:00,2011-11-28 16:45:00,,,,VR2W,69,109898,,,NO,HECWL,NO
GRS-002,GRS,2,1,,,42.09198,-83.14936,,,2011-04-21 17:54:00,2011-11-28 17:11:00,,,,VR2W,69,109962,,,NO,HECWL,NO
SIC-001,SIC,1,1,,,42.09063,-83.14055,,,2011-04-21 18:19:00,2011-11-28 16:50:00,,,,VR2W,69,109935,,,NO,HECWL,NO
MNB-001,MNB,1,3,,,46.32633,-84.15932,,,2011-04-25 17:01:00,2011-08-06 15:45:00,,,,VR2W,69,113221,,,Yes,SMRSL,Y
MNB-005,MNB,5,1,,,46.32590,-84.15764,,,2011-04-25 17:16:00,2011-08-06 14:38:00,,,,VR2W,69,113230,,,Yes,SMRSL,Y
MNB-004,MNB,4,1,,,46.32431,-84.15747,,,2011-04-25 17:29:00,2011-11-08 22:00:00,,,,VR2W,69,113223,,,Yes,SMRSL,Y
MNB-003,MNB,3,1,,,46.32496,-84.15978,,,2011-04-25 17:37:00,2011-11-08 20:45:00,,,,VR2W,69,113213,,,Yes,SMRSL,Y
MNB-002,MNB,2,2,,,46.32631,-84.15779,,,2011-04-25 17:47:00,2011-08-06 14:10:00,,,,VR2W,69,109936,,,Yes,SMRSL,N
URC-004,URC,4,2,,,46.28640,-84.21157,,,2011-04-25 18:38:00,2011-08-05 12:38:00,,,,VR2W,69,113210,,,Yes,SMRSL,N
LRC-001,LRC,1,3,,,46.26304,-84.18953,,,2011-04-25 18:52:00,2011-08-05 13:41:00,,,,VR2W,69,113214,,,Yes,SMRSL,Y
LRC-005,LRC,5,2,,,46.26354,-84.18997,,,2011-04-25 19:03:00,2011-08-05 13:04:00,,,,VR2W,69,109991,,,Yes,SMRSL,Y
LRC-007,LRC,7,2,,,46.26415,-84.19048,,,2011-04-25 19:13:00,2011-08-05 12:52:00,,,,VR2W,69,113209,,,Yes,SMRSL,Y
LRC-002,LRC,2,2,,,46.26362,-84.18758,,,2011-04-25 19:21:00,2011-11-08 18:30:00,,,,VR2W,69,109946,,,Yes,SMRSL,Y
LRC-004,LRC,4,2,,,46.26420,-84.18840,,,2011-04-25 19:41:00,2011-08-05 15:21:00,,,,VR2W,69,109999,,,Yes,SMRSL,Y
LRC-006,LRC,6,3,,,46.26476,-84.18880,,,2011-04-25 19:49:00,2011-08-05 15:08:00,,,,VR2W,69,109947,,,Yes,SMRSL,Y
LRC-003,LRC,3,3,,,46.26510,-84.18658,,,2011-04-25 19:55:00,2011-08-05 14:11:00,,,,VR2W,69,113222,,,Yes,SMRSL,Y
RNS-003,RNS,3,3,,,46.25246,-84.09886,,,2011-04-25 20:41:00,2011-08-05 17:48:00,,,,VR2W,69,113227,,,Yes,SMRSL,N
RNS-006,RNS,6,4,,,46.25360,-84.10229,,,2011-04-25 20:50:00,2011-08-05 16:28:00,,,,VR2W,69,113228,,,Yes,SMRSL,N
STR-001,STR,1,2,,,46.31733,-84.11905,,,2011-04-25 21:21:00,2011-08-06 18:09:00,,,,VR2W,69,113217,,,Yes,SMRSL,N
STR-002,STR,2,2,,,46.31875,-84.11188,,,2011-04-25 21:29:00,2011-08-06 18:13:00,,,,VR2W,69,109875,,,Yes,SMRSL,N
DCK-001,DCK,1,2,,,46.35816,-84.13510,,,2011-04-25 21:46:00,2011-08-06 18:32:00,,,,VR2W,69,113212,,,Yes,SMRSL,N
DCK-002,DCK,2,3,,,46.36030,-84.12911,,,2011-04-25 21:54:00,2011-08-06 19:18:00,,,,VR2W,69,109970,,,Yes,SMRSL,N
SQR-003,SQR,3,1,,,46.51273,-84.11591,,,2011-04-25 22:49:00,2011-08-03 18:30:00,,,,VR2W,69,113216,,,Yes,SMRSL,Y
SQR-004,SQR,4,1,,,46.51394,-84.11397,,,2011-04-25 22:54:00,2011-08-07 15:14:00,,,,VR2W,69,113224,,,Yes,SMRSL,Y
SQR-001,SQR,1,1,,,46.51452,-84.11585,,,2011-04-25 23:04:00,2011-08-07 15:32:00,,,,VR2W,69,113215,,,Yes,SMRSL,Y
SQR-002,SQR,2,1,,,46.51363,-84.11764,,,2011-04-25 23:12:00,2011-08-07 13:59:00,,,,VR2W,69,113211,,,Yes,SMRSL,Y
GRD-001,GRD,1,5,,,46.52909,-84.15071,,,2011-04-25 23:34:00,2012-08-02 18:46:00,,,,VR2W,69,109997,,,Yes,SMRSL,Y
GRD-002,GRD,2,6,,,46.52978,-84.15159,,,2011-04-25 23:40:00,2011-08-03 16:20:00,,,,VR2W,69,109953,,,Yes,SMRSL,Y
GRD-004,GRD,4,3,,,46.52936,-84.15208,,,2011-04-25 23:46:00,2011-08-07 17:17:00,,,,VR2W,69,113225,,,Yes,SMRSL,Y
GRD-003,GRD,3,3,,,46.52865,-84.15153,,,2011-04-25 23:51:00,2011-08-07 16:32:00,,,,VR2W,69,113219,,,Yes,SMRSL,Y
GRD-005,GRD,5,4,,,46.52819,-84.15256,,,2011-04-25 23:57:00,2011-08-07 18:30:00,,,,VR2W,69,113229,,,Yes,SMRSL,Y
GRD-006,GRD,6,4,,,46.52885,-84.15327,,,2011-04-26 00:02:00,2011-08-07 18:03:00,,,,VR2W,69,113220,,,Yes,SMRSL,Y
CKI-005,CKI,5,3,,,46.49597,-84.27341,,,2011-04-26 13:34:00,2011-08-03 15:05:00,,,,VR2W,69,109897,,,Yes,SMRSL,Y
CKI-004,CKI,4,4,,,46.49460,-84.27261,,,2011-04-26 13:53:00,2011-08-03 14:35:00,,,,VR2W,69,109914,,,Yes,SMRSL,Y
CKI-003,CKI,3,2,,,46.49564,-84.27088,,,2011-04-26 14:07:00,2011-08-03 14:14:00,,,,VR2W,69,109934,,,Yes,SMRSL,Y
CKI-001,CKI,1,4,,,46.49511,-84.26828,,,2011-04-26 14:17:00,2011-08-03 13:43:00,,,,VR2W,69,110004,,,Yes,SMRSL,Y
BLL-001,BLL,1,2,,,46.53548,-84.21335,,,2011-04-26 15:07:00,2011-08-08 16:02:00,,,,VR2W,69,109879,,,Yes,SMRSL,N
PCH-001,PCH,1,3,,,46.52569,-84.17260,,,2011-04-26 15:26:00,2011-08-08 16:20:00,,,,VR2W,69,109889,,,Yes,SMRSL,N
PCH-002,PCH,2,2,,,46.52794,-84.17244,,,2011-04-26 15:36:00,2011-08-08 16:30:00,,,,VR2W,69,109927,,,Yes,SMRSL,N
CHR-001,CHR,1,1,,,46.32387,-84.23488,,,2011-04-26 20:00:00,2011-08-08 19:00:00,,,,VR2W,69,109909,,,Yes,SMRSL,N
TOI-040,TOI,40,1,,,43.61615,-79.38708,,,2011-04-27 03:59:00,2011-08-16 04:00:00,,,,VR2W,69,113252,,,No,THFHA,Yes
TOI-041,TOI,41,1,,,43.62000,-79.38154,,,2011-04-27 03:59:00,2011-08-16 04:00:00,,,,VR2W,69,113253,,,No,THFHA,Yes
TOI-042,TOI,42,1,,,43.62103,-79.37122,,,2011-04-27 03:59:00,2011-08-16 04:00:00,,,,VR2W,69,113250,,,No,THFHA,Yes
TOI-043,TOI,43,1,,,43.62458,-79.36124,,,2011-04-27 03:59:00,2011-08-16 04:00:00,,,,VR2W,69,113251,,,No,THFHA,Yes
TOI-044,TOI,44,1,,,43.63125,-79.35799,,,2011-04-27 03:59:00,2011-08-16 04:00:00,,,,VR2W,69,113254,,,No,THFHA,Yes
BRS-002,BRS,2,2,,,46.47315,-84.46475,,,2011-04-27 13:10:00,2011-08-08 13:05:00,,,,VR2W,69,109890,,,Yes,SMRSL,N
BRS-001,BRS,1,2,,,46.47056,-84.46010,,,2011-04-27 13:23:00,2011-08-08 14:10:00,,,,VR2W,69,109888,,,Yes,SMRSL,N
OVP-001,OVP,1,2,,,46.49767,-84.38945,,,2011-04-27 13:47:00,2011-08-08 14:29:00,,,,VR2W,69,109930,,,Yes,SMRSL,N
OVP-002,OVP,2,3,,,46.50206,-84.39233,,,2011-04-27 13:56:00,2011-08-08 14:35:00,,,,VR2W,69,109995,,,Yes,SMRSL,N
OVP-003,OVP,3,2,,,46.50367,-84.39418,,,2011-04-27 14:05:00,2011-08-08 14:38:00,,,,VR2W,69,109971,,,Yes,SMRSL,N
IS1-004,IS1,4,3,,,46.48143,-84.29831,,,2011-04-27 15:05:00,2011-08-03 12:10:00,,,,VR2W,69,109996,,,Yes,SMRSL,N
IS1-002,IS1,2,2,,,46.47803,-84.29274,,,2011-04-27 15:15:00,2011-08-03 12:20:00,,,,VR2W,69,113218,,,Yes,SMRSL,N
LRP-001,LRP,1,2,,,46.48011,-84.28779,,,2011-04-27 15:39:00,2011-08-03 12:36:00,,,,VR2W,69,109886,,,Yes,SMRSL,N
RVR-001,RVR,1,2,,,46.46682,-84.29265,,,2011-04-27 15:59:00,2011-08-03 12:59:00,,,,VR2W,69,113226,,,Yes,SMRSL,N
RVR-002,RVR,2,2,,,46.47621,-84.30229,,,2011-04-27 16:15:00,2011-08-03 11:54:00,,,,VR2W,69,110011,,,Yes,SMRSL,N
GAT-018,GAT,18,3,,,43.62672,-79.35312,,,2011-04-28 03:59:00,2011-08-18 04:00:00,,,,VR2W,69,111035,,,No,THFHA,Yes
CE1-039,CE1,39,1,,,43.63087,-79.32396,,,2011-04-30 03:59:00,2011-08-17 04:00:00,,,,VR2W,69,105539,,,No,THFHA,Yes
DOR-050,DOR,50,1,,,43.64820,-79.35246,,,2011-04-30 03:59:00,2011-08-17 04:00:00,,,,VR2W,69,113145,,,No,THFHA,Yes
EMC-036,EMC,36,1,,,43.63072,-79.33061,,,2011-04-30 03:59:00,2011-08-17 04:00:00,,,,VR2W,69,113248,,,No,THFHA,Yes
EXG-052,EXG,52,1,,,43.62927,-79.41886,,,2011-04-30 03:59:00,2011-08-18 04:00:00,,,,VR2W,69,113249,,,No,THFHA,Yes
MWF-051,MWF,51,1,,,43.63881,-79.37734,,,2011-04-30 03:59:00,2011-08-18 04:00:00,,,,VR2W,69,113144,,,No,THFHA,Yes
TUB-049,TUB,49,1,,,43.64524,-79.34102,,,2011-04-30 03:59:00,2011-08-17 04:00:00,,,,VR2W,69,113146,,,No,THFHA,Yes
HBO-018,HBO,18,2,,,45.49172,-84.07202,45.49172,-84.07202,2011-05-02 14:11:00,2011-06-30 18:55:00,,,,VR2W,69,109929,Trevor Meckley,,Yes,HBSLM,No
EDS-003,EDS,3,2,,,46.49856,-84.33416,,,2011-05-02 15:19:00,2011-08-04 16:41:00,,,,VR2W,69,113233,,,Yes,SMRSL,Y
EDS-001,EDS,1,2,,,46.49859,-84.33344,,,2011-05-02 15:43:00,2011-08-06 12:03:00,,,,VR2W,69,109960,,,Yes,SMRSL,Y
EDS-004,EDS,4,1,,,46.49832,-84.33360,,,2011-05-02 15:51:00,2011-08-04 17:01:00,,,,VR2W,69,109902,,,Yes,SMRSL,Y
EDS-002,EDS,2,3,,,46.49879,-84.33390,,,2011-05-02 16:02:00,2011-08-04 16:35:00,,,,VR2W,69,109975,,,Yes,SMRSL,Y
SSM-004,SSM,4,3,,,46.50050,-84.33755,,,2011-05-02 16:08:00,2011-08-03 19:40:00,,,,VR2W,69,109877,,,Yes,SMRSL,N
SSM-018,SSM,18,4,,,46.51285,-84.34410,,,2011-05-02 16:33:00,2011-08-04 12:26:00,,,,VR2W,69,106326,,,Yes,SMRSL,Y
SSM-019,SSM,19,3,,,46.51307,-84.34193,,,2011-05-02 17:19:00,2011-08-04 12:08:00,,,,VR2W,69,109883,,,Yes,SMRSL,Y
SSM-015,SSM,15,4,,,46.51115,-84.34283,,,2011-05-02 17:37:00,2011-08-04 12:35:00,,,,VR2W,69,109990,,,Yes,SMRSL,Y
SSM-016,SSM,16,2,,,46.51163,-84.34046,,,2011-05-02 17:43:00,2011-08-04 12:15:00,,,,VR2W,69,109921,,,Yes,SMRSL,Y
SSM-001,SSM,1,2,,,46.51020,-84.34106,,,2011-05-02 17:52:00,2011-08-04 12:55:00,,,,VR2W,69,109983,,,Yes,SMRSL,Y
SSM-014,SSM,14,2,,,46.50965,-84.33930,,,2011-05-02 18:00:00,2011-08-04 13:05:00,,,,VR2W,69,109945,,,Yes,SMRSL,Y
SSM-020,SSM,20,3,,,46.50954,-84.34276,,,2011-05-02 18:13:00,2011-08-04 13:15:00,,,,VR2W,69,109942,,,Yes,SMRSL,Y
SSM-002,SSM,2,2,,,46.50893,-84.34159,,,2011-05-02 18:21:00,2011-08-04 13:22:00,,,,VR2W,69,109892,,,Yes,SMRSL,Y
SSM-013,SSM,13,2,,,46.50851,-84.34320,,,2011-05-02 18:28:00,2011-08-04 13:30:00,,,,VR2W,69,109911,,,Yes,SMRSL,Y
SSM-012,SSM,12,2,,,46.50816,-84.34528,,,2011-05-02 18:38:00,2011-08-04 13:36:00,,,,VR2W,69,109514,,,Yes,SMRSL,Y
SSM-011,SSM,11,2,,,46.50780,-84.34189,,,2011-05-02 18:48:00,2011-08-04 13:55:00,,,,VR2W,69,109420,,,Yes,SMRSL,Y
SSM-021,SSM,21,1,,,46.50730,-84.33948,,,2011-05-02 18:57:00,2011-11-09 18:40:00,,,,VR2W,69,109901,,,Yes,SMRSL,Y
MAU-002,MAU,2,2,,,41.57428,-83.60693,,,2011-05-03 18:00:00,2011-11-21 17:30:00,2,0.5,1.5,VR2W,69,112977,,,Yes,LEWAE,No
MAU-003,MAU,3,2,,,41.57612,-83.61071,,,2011-05-03 19:00:00,2012-06-07 18:30:00,1.5,0.5,1,VR2W,69,112975,,,Yes,LEWAE,No
ECH-001,ECH,1,2,,,46.51768,-84.02199,,,2011-05-04 12:15:00,2011-08-07 23:15:00,0.9144,0.3,0.6144,VR2W,69,109968,,,Yes,SMRSL,N
ECH-002,ECH,2,2,,,46.52037,-84.01989,,,2011-05-04 12:25:00,2011-08-07 23:20:00,0.9144,0.3,0.6144,VR2W,69,109905,,,Yes,SMRSL,N
SBO-039,SBO,39,1,,,44.01410,-83.12451,,,2011-05-05 13:26:00,2012-06-27 17:13:00,,,,VR2W,69,109966,,,NO,HECWL,NO
SBI-035,SBI,35,1,,,43.97998,-83.24702,,,2011-05-05 13:53:00,2011-08-31 19:12:00,,,,VR2W,69,109956,,,NO,HECWL,NO
SBI-001,SBI,1,1,,,44.17871,-83.54776,,,2011-05-05 14:41:00,2011-08-30 13:33:00,,,,VR2W,69,109964,,,NO,HECWL,NO
UPD-001,UPD,1,2,,,45.61794,-84.47494,,,2011-05-05 15:38:00,2011-05-10 21:52:00,1.524,0.762,0.762,VR2W,69,110015,,,Yes,CHBSL,No
OSC-001,OSC,1,1,,,44.45195,-83.31855,,,2011-05-05 16:16:00,2011-09-01 20:00:00,,,,VR2W,69,109993,,,YES,HECWL,NO
UPA-007,UPA,7,2,,,45.63617,-84.48051,,,2011-05-05 16:18:00,2011-05-10 21:07:00,1.524,0.762,0.762,VR2W,69,110009,,,Yes,CHBSL,No
UPA-004,UPA,4,2,,,45.63679,-84.48016,,,2011-05-05 16:48:00,2011-06-03 14:16:00,2.134,0.762,1.372,VR2W,69,109915,,,Yes,CHBSL,No
THB-002,THB,2,1,,,44.89483,-83.31738,,,2011-05-05 19:51:00,2011-08-29 17:41:00,,,,VR2W,69,109884,,,NO,HECWL,NO
THB-001,THB,1,1,,,44.88711,-83.32052,,,2011-05-05 20:03:00,2011-08-29 17:06:00,,,,VR2W,69,110003,,,NO,HECWL,NO
MAU-001,MAU,1,2,,,41.57096,-83.61724,,,2011-05-09 19:30:00,,2,0.5,1.5,VR2W,69,112970,,,Yes,LEWAE,No
EMD-080,EMD,80,2,,,43.63258,-79.32763,,,2011-05-10 03:59:00,2011-08-17 04:00:00,,,,VR2W,69,109220,,,No,THFHA,No
GAT-015,GAT,15,3,,,43.62300,-79.34426,,,2011-05-10 03:59:00,2011-08-15 04:00:00,,,,VR2W,69,109218,,,No,THFHA,Yes
GAT-022,GAT,22,3,,,43.62191,-79.34692,,,2011-05-10 03:59:00,2011-08-16 04:00:00,,,,VR2W,69,104769,,,No,THFHA,Yes
BAR-008,BAR,8,1,,,41.64236,-88.06028,,,2011-05-10 05:00:00,,,,,VR4,69,250065,,,no,CRSAC,yes
UPS-001,UPS,1,2,,,45.64433,-84.47525,,,2011-05-10 15:02:00,2011-05-10 18:29:00,2.957,0.6096,2.347,VR2W,69,109982,,,Yes,CHBSL,No
DPW-001,DPW,1,2,,,45.63874,-84.48061,,,2011-05-10 15:25:00,2011-06-03 16:56:00,1.219,0.6096,0.61,VR2W,69,109955,,,Yes,CHBSL,No
DPA-003,DPA,3,2,,,45.63784,-84.47922,,,2011-05-10 15:52:00,2011-06-03 17:10:00,1.219,0.4572,0.762,VR2W,69,109904,,,Yes,CHBSL,No
DPA-002,DPA,2,2,,,45.63804,-84.47955,,,2011-05-10 16:35:00,2011-07-08 18:01:00,2.134,0.6096,1.524,VR2W,69,110000,,,Yes,CHBSL,No
TPA-004,TPA,4,2,,,45.63614,-84.47858,,,2011-05-10 17:30:00,2011-05-10 19:19:00,1.341,0.6096,0.732,VR2W,69,110008,,,Yes,CHBSL,No
SHT-001,SHT,1,1,,,45.63711,-84.47878,,,2011-05-10 19:02:00,2011-05-10 19:50:00,0.914,0.6096,0.305,VR2W,69,109982,,,Yes,CHBSL,No
TPA-004,TPA,4,3,,,45.63614,-84.47860,,,2011-05-10 19:30:00,2011-06-03 17:47:00,1.707,0.6096,1.097,VR2W,69,110008,,,Yes,CHBSL,No
SHT-001,SHT,1,2,,,45.63711,-84.47878,,,2011-05-10 20:02:00,2011-07-08 18:30:00,0.914,0.6096,0.305,VR2W,69,109982,,,Yes,CHBSL,No
DPA-004,DPA,4,2,,,45.63776,-84.47930,,,2011-05-10 20:26:00,2011-07-08 18:14:00,1.341,0.6096,0.732,VR2W,69,109974,,,Yes,CHBSL,No
UPA-007,UPA,7,3,,,45.63618,-84.48048,,,2011-05-10 21:21:00,2011-06-03 13:53:00,1.981,0.6096,1.372,VR2W,69,110009,,,Yes,CHBSL,No
UPD-001,UPD,1,3,,,45.61794,-84.47494,,,2011-05-10 22:02:00,2011-06-03 13:05:00,1.524,0.6096,0.914,VR2W,69,110015,,,Yes,CHBSL,No
EMA-014,EMA,14,3,,,43.62084,-79.34173,,,2011-05-11 03:59:00,2011-08-14 04:00:00,,,,VR2W,69,104771,,,No,THFHA,Yes
GAT-017,GAT,17,3,,,43.62546,-79.35013,,,2011-05-11 03:59:00,2011-08-15 04:00:00,,,,VR2W,69,111033,,,No,THFHA,Yes
GAT-021,GAT,21,3,,,43.62313,-79.34986,,,2011-05-11 03:59:00,2011-08-15 04:00:00,,,,VR2W,69,111032,,,No,THFHA,Yes
SSM-006,SSM,6,3,,,46.50553,-84.33995,,,2011-05-11 13:05:00,2011-08-04 15:22:00,,,,VR2W,69,109880,,,Yes,SMRSL,Y
SSM-003,SSM,3,2,,,46.50692,-84.34166,,,2011-05-11 13:28:00,2011-08-04 14:41:00,,,,VR2W,69,109984,,,Yes,SMRSL,Y
SSM-008,SSM,8,2,,,46.50619,-84.34209,,,2011-05-11 13:49:00,2011-08-04 14:58:00,,,,VR2W,69,109878,,,Yes,SMRSL,Y
SSM-009,SSM,9,2,,,46.50588,-84.34470,,,2011-05-11 16:30:00,2011-08-04 15:15:00,,,,VR2W,69,109957,,,Yes,SMRSL,Y
SSM-010,SSM,10,3,,,46.50695,-84.34377,,,2011-05-11 16:44:00,2011-08-04 15:05:00,,,,VR2W,69,110007,,,Yes,SMRSL,Y
CKI-002,CKI,2,4,,,46.49664,-84.26923,,,2011-05-11 17:29:00,2011-08-03 13:53:00,,,,VR2W,69,109500,,,Yes,SMRSL,Y
STG-001,STG,1,1,,,44.71328,-83.26346,,,2011-05-13 14:15:00,2011-10-06 19:45:00,,,,VR2W,69,109916,,,YES,HECWL,NO
UPA-010,UPA,10,2,,,45.63562,-84.48007,,,2011-05-13 14:57:00,2011-07-08 14:16:00,1.402,0.6096,0.792,VR2W,69,109954,,,Yes,CHBSL,No
UPA-009,UPA,9,2,,,45.63582,-84.48038,,,2011-05-13 15:28:00,2011-07-08 14:07:00,2.53,0.762,1.768,VR2W,69,109988,,,Yes,CHBSL,No
UPA-005,UPA,5,2,,,45.63667,-84.47994,,,2011-05-13 16:06:00,2011-07-08 15:10:00,2.682,0.762,1.92,VR2W,69,109501,,,Yes,CHBSL,No
UPA-002,UPA,2,2,,,45.63704,-84.47977,,,2011-05-13 16:27:00,2011-07-08 15:58:00,2.652,0.762,1.89,VR2W,69,109926,,,Yes,CHBSL,No
UPA-003,UPA,3,2,,,45.63690,-84.47999,,,2011-05-13 16:44:00,2011-07-08 15:51:00,3.505,0.762,2.743,VR2W,69,109958,,,Yes,CHBSL,No
UPA-008,UPA,8,2,,,45.63619,-84.47999,,,2011-05-13 17:14:00,2011-07-08 15:01:00,1.585,0.6096,0.975,VR2W,69,109940,,,Yes,CHBSL,No
BBI-001,BBI,1,1,,,45.67467,-84.41952,,,2011-05-13 17:38:00,2011-07-06 15:10:00,,,,VR2W,69,109874,,,YES,HECWL,NO
BBI-006,BBI,6,1,,,45.71467,-84.41903,,,2011-05-13 17:38:00,2011-07-06 16:15:00,,,,VR2W,69,109881,,,YES,HECWL,NO
UPA-006,UPA,6,2,,,45.63645,-84.48024,,,2011-05-13 17:57:00,2011-07-08 14:38:00,3.2,0.762,2.438,VR2W,69,109895,,,Yes,CHBSL,No
DWM-002,DWM,2,2,,,45.65470,-84.46567,,,2011-05-13 18:48:00,2011-09-16 19:45:00,3.292,0.762,2.53,VR2W,69,110016,,,Yes,CHBSL,No
DWM-001,DWM,1,2,,,45.65740,-84.46421,,,2011-05-13 19:06:00,2011-07-08 17:11:00,3.84,0.762,3.078,VR2W,69,109924,,,Yes,CHBSL,No
RTR-002,RTR,2,2,,,46.54275,-84.21596,,,2011-05-18 20:05:00,2011-08-09 14:30:00,,,,VR2W,69,109896,,,Yes,SMRSL,N
RTR-001,RTR,1,2,,,46.54233,-84.21272,,,2011-05-18 20:16:00,2011-08-09 13:59:00,,,,VR2W,69,110005,,,Yes,SMRSL,N
GRD-010,GRD,10,1,,,46.53321,-84.15923,,,2011-05-18 21:15:00,2011-08-09 13:24:00,,,,VR2W,69,109913,,,Yes,SMRSL,N
GRD-011,GRD,11,1,,,46.53402,-84.15311,,,2011-05-18 21:29:00,2011-08-09 13:09:00,,,,VR2W,69,109981,,,Yes,SMRSL,N
GAT-016,GAT,16,3,,,43.62423,-79.34718,,,2011-05-21 03:59:00,2011-08-18 04:00:00,,,,VR2W,69,104773,,,No,THFHA,Yes
GAT-020,GAT,20,3,,,43.62442,-79.35277,,,2011-05-21 03:59:00,2011-08-18 04:00:00,,,,VR2W,69,111031,,,No,THFHA,Yes
BEI-002,BEI,2,1,,,42.33236,-83.00603,,,2011-05-24 16:16:00,2011-11-28 18:45:00,,,,VR2W,69,109870,,,NO,HECWL,NO
BEI-001,BEI,1,1,,,42.33478,-83.00900,,,2011-05-24 16:33:00,2011-12-15 17:00:00,,,,VR2W,69,109961,,,NO,HECWL,NO
BEI-003,BEI,3,1,,,42.32350,-83.04928,,,2011-05-24 17:46:00,2011-12-15 17:30:00,,,,VR2W,69,112966,,,NO,HECWL,NO
PWC-001,PWC,1,3,,,46.50539,-84.35131,,,2011-05-25 15:23:00,2011-08-04 15:36:00,,,,VR2W,69,109876,,,Yes,SMRSL,N
LLP-003,LLP,3,1,,,41.59797,-88.06572,,,2011-06-03 05:00:00,,,,,VR2W,69,111506,,,no,CRSAC,no
UPD-001,UPD,1,4,,,45.61793,-84.47493,,,2011-06-03 13:34:00,2011-07-08 13:41:00,1.554,0.762,0.792,VR2W,69,110015,,,Yes,CHBSL,No
UPA-007,UPA,7,4,,,45.63615,-84.48049,,,2011-06-03 14:07:00,2011-07-08 16:33:00,1.737,0.762,0.975,VR2W,69,110009,,,Yes,CHBSL,No
UPA-004,UPA,4,3,,,45.63678,-84.48018,,,2011-06-03 14:24:00,2011-07-08 15:14:00,2.53,0.9144,1.615,VR2W,69,109915,,,Yes,CHBSL,No
DPW-001,DPW,1,3,,,45.63874,-84.48061,,,2011-06-03 17:02:00,2011-07-08 17:58:00,1.219,0.6096,0.61,VR2W,69,109955,,,Yes,CHBSL,No
DPA-003,DPA,3,3,,,45.63783,-84.47923,,,2011-06-03 17:17:00,2011-07-08 18:10:00,1.219,0.4572,0.762,VR2W,69,109904,,,Yes,CHBSL,No
TPA-004,TPA,4,4,,,45.63618,-84.47857,,,2011-06-03 17:50:00,2011-07-08 18:51:00,1.707,0.6096,1.097,VR2W,69,110008,,,Yes,CHBSL,No
TPA-002,TPA,2,2,,,45.63644,-84.47897,,,2011-06-03 18:00:00,2011-07-08 18:35:00,1.28,0.6096,0.671,VR2W,69,110006,,,Yes,CHBSL,No
MEN-001,MEN,1,2,45.10302,-87.62639,45.10302,-87.62639,45.10302,-87.62639,2011-06-23 15:31:00,2011-11-28 16:30:00,2,0,2,VR2W,69,114405,"Donofrio, Michael C","",No,GBSTG,No
BBI-001,BBI,1,2,,,45.67471,-84.41954,,,2011-07-06 15:15:00,2011-10-18 16:04:00,,,,VR2W,69,109969,,,YES,HECWL,NO
BBI-006,BBI,6,2,,,45.71475,-84.41902,,,2011-07-06 16:24:00,2011-10-18 15:30:00,,,,VR2W,69,109887,,,YES,HECWL,NO
FMP-002,FMP,2,2,,,45.49907,-83.90582,,,2011-07-07 17:14:00,2012-05-23 16:21:00,,,,VR2W,69,109979,,,NO,HECWL,NO
BAR-004,BAR,4,1,,,41.64153,-88.05988,,,2011-07-08 05:00:00,,,,,VR4,69,250091,,,no,CRSAC,yes
SCL-011,SCL,11,1,,,42.63231,-82.65217,,,2011-07-12 12:30:00,2011-11-22 18:15:00,10.4,,,VR2W,69,113705,,,NO,HECST,NO
SCL-013,SCL,13,1,,,42.63164,-82.65372,,,2011-07-12 13:00:00,2011-11-22 19:30:00,14.9,,,VR2W,69,113707,,,NO,HECST,NO
SCL-012,SCL,12,1,,,42.62783,-82.64181,,,2011-07-12 13:30:00,2011-12-08 19:00:00,9.1,,,VR2W,69,113706,,,NO,HECST,NO
SCL-008,SCL,8,1,,,42.63000,-82.64131,,,2011-07-12 14:00:00,2012-05-23 17:22:00,16.8,,,VR2W,69,113699,,,NO,HECST,NO
SBO-001,SBO,1,2,,,44.24644,-83.44582,,,2011-07-12 14:45:00,2012-06-04 18:10:00,,,,VR2W,69,109998,,,NO,HECWL,NO
SBO-002,SBO,2,2,,,44.24180,-83.43513,,,2011-07-12 15:28:00,2012-06-05 12:02:00,,,,VR2W,69,109967,,,NO,HECWL,NO
SBO-003,SBO,3,2,,,44.23708,-83.42447,,,2011-07-12 15:49:00,2012-06-05 12:50:00,,,,VR2W,69,109949,,,NO,HECWL,NO
SBO-004,SBO,4,2,,,44.23235,-83.41382,,,2011-07-12 16:18:00,2012-06-05 13:35:00,,,,VR2W,69,112971,,,NO,HECWL,NO
SBO-005,SBO,5,3,,,44.22768,-83.40308,,,2011-07-12 16:41:00,2012-06-05 14:00:00,,,,VR2W,69,109950,,,NO,HECWL,NO
SBO-006,SBO,6,2,,,44.22292,-83.39236,,,2011-07-12 17:12:00,2012-06-05 14:20:00,,,,VR2W,69,109868,,,NO,HECWL,NO
SBO-007,SBO,7,2,,,44.21825,-83.38177,,,2011-07-12 17:38:00,2012-06-05 15:00:00,,,,VR2W,69,109987,,,NO,HECWL,NO
SBO-008,SBO,8,2,,,44.21338,-83.37119,,,2011-07-12 18:03:00,2012-06-05 15:25:00,,,,VR2W,69,109989,,,NO,HECWL,NO
SBI-004,SBI,4,3,,,44.16796,-83.52010,,,2011-07-12 20:09:00,2012-06-06 13:20:00,,,,VR2W,69,109963,,,NO,HECWL,NO
SGR-001,SGR,1,2,,,43.61230,-83.86082,,,2011-07-13 21:12:00,2012-03-14 18:55:00,,,,VR2W,69,110014,,,NO,HECWL,NO
SBI-007,SBI,7,2,,,44.15439,-83.48788,,,2011-07-14 14:10:00,2012-06-06 14:48:00,,,,VR2W,69,112962,,,NO,HECWL,NO
SBI-008,SBI,8,2,,,44.14976,-83.47706,,,2011-07-14 14:35:00,2012-06-06 16:06:00,,,,VR2W,69,112968,,,NO,HECWL,NO
SBI-009,SBI,9,2,,,44.14521,-83.46630,,,2011-07-14 15:00:00,2012-06-06 16:25:00,,,,VR2W,69,110013,,,NO,HECWL,NO
SBI-010,SBI,10,2,,,44.14067,-83.45549,,,2011-07-14 15:29:00,2012-06-06 16:43:00,,,,VR2W,69,112959,,,NO,HECWL,NO
SBI-011,SBI,11,2,,,44.13614,-83.44480,,,2011-07-14 15:53:00,2012-06-06 17:01:00,,,,VR2W,69,109465,,,NO,HECWL,NO
SBI-012,SBI,12,2,,,44.13150,-83.43400,,,2011-07-14 16:11:00,2012-06-06 17:21:00,,,,VR2W,69,113232,,,NO,HECWL,NO
SBI-013,SBI,13,2,,,44.12696,-83.42327,,,2011-07-14 16:28:00,2012-06-06 17:41:00,,,,VR2W,69,112960,,,NO,HECWL,NO
SBI-014,SBI,14,2,,,44.12245,-83.41246,,,2011-07-14 17:06:00,2012-06-06 18:00:00,,,,VR2W,69,112965,,,NO,HECWL,NO
SBI-015,SBI,15,2,,,44.11783,-83.40171,,,2011-07-14 17:30:00,2012-06-06 18:18:00,,,,VR2W,69,109912,,,NO,HECWL,NO
SBI-018,SBI,18,2,,,44.10418,-83.36924,,,2011-07-14 19:06:00,2012-06-07 14:44:00,,,,VR2W,69,110010,,,NO,HECWL,NO
SBO-009,SBO,9,2,,,44.20878,-83.36046,,,2011-07-15 12:05:00,2012-06-05 15:50:00,,,,VR2W,69,109872,,,NO,HECWL,NO
SBO-010,SBO,10,2,,,44.20409,-83.34988,,,2011-07-15 12:34:00,2012-06-05 16:10:00,,,,VR2W,69,109948,,,NO,HECWL,NO
SBO-011,SBO,11,2,,,44.19941,-83.33907,,,2011-07-15 13:04:00,2012-06-05 16:45:00,,,,VR2W,69,109512,,,NO,HECWL,NO
SBO-012,SBO,12,2,,,44.19474,-83.32860,,,2011-07-15 13:33:00,2012-06-05 18:05:00,,,,VR2W,69,110002,,,NO,HECWL,NO
SBO-014,SBO,14,2,,,44.18525,-83.30737,,,2011-07-15 14:29:00,2012-06-05 19:15:00,,,,VR2W,69,106328,,,NO,HECWL,NO
SBO-015,SBO,15,2,,,44.18067,-83.29656,,,2011-07-15 14:59:00,2012-06-05 20:00:00,,,,VR2W,69,109891,,,NO,HECWL,NO
SBO-016,SBO,16,2,,,44.17583,-83.28561,,,2011-07-15 15:25:00,2012-06-05 20:25:00,,,,VR2W,69,112972,,,NO,HECWL,NO
SBO-018,SBO,18,2,,,44.16638,-83.26435,,,2011-07-19 13:07:00,2012-06-08 12:59:00,,,,VR2W,69,112963,,,NO,HECWL,NO
SBI-019,SBI,19,2,,,44.09965,-83.35867,,,2011-07-19 16:04:00,2012-06-07 15:03:00,,,,VR2W,69,109959,,,NO,HECWL,NO
TTB-002,TTB,2,2,,,43.39166,-83.99263,,,2011-07-20 14:30:00,2011-09-13 12:47:00,,,,VR2W,69,109906,,,YES,HECWL,NO
TTB-001,TTB,1,2,,,43.38711,-83.98740,,,2011-07-20 14:50:00,2011-09-13 13:00:00,,,,VR2W,69,109499,,,YES,HECWL,NO
OSC-012,OSC,12,2,,,44.45171,-83.17958,,,2011-07-21 14:17:00,2012-06-29 12:31:00,,,,VR2W,69,109894,,,NO,HECWL,NO
OSC-010,OSC,10,2,,,44.45145,-83.20457,,,2011-07-21 15:41:00,2012-06-29 13:38:00,,,,VR2W,69,109929,,,NO,HECWL,NO
OSC-009,OSC,9,2,,,44.45145,-83.21735,,,2011-07-21 16:41:00,2012-06-29 14:00:00,,,,VR2W,69,109893,,,NO,HECWL,NO
OSC-008,OSC,8,2,,,44.45156,-83.22998,,,2011-07-21 17:20:00,2012-06-29 14:30:00,,,,VR2W,69,109874,,,NO,HECWL,NO
OSC-007,OSC,7,2,,,44.45152,-83.24257,,,2011-07-21 17:43:00,2012-06-29 14:51:00,,,,VR2W,69,112961,,,NO,HECWL,NO
OSC-006,OSC,6,2,,,44.45157,-83.25503,,,2011-07-21 18:08:00,2012-06-29 15:08:00,,,,VR2W,69,109871,,,NO,HECWL,NO
OSC-005,OSC,5,2,,,44.45159,-83.26787,,,2011-07-21 18:39:00,2012-06-29 15:24:00,,,,VR2W,69,106785,,,NO,HECWL,NO
SBI-025,SBI,25,2,,,44.05466,-83.31695,,,2011-07-22 12:44:00,2012-06-07 16:40:00,,,,VR2W,69,109873,,,NO,HECWL,NO
SBI-026,SBI,26,2,,,44.04726,-83.31010,,,2011-07-22 13:17:00,2012-06-07 16:57:00,,,,VR2W,69,109944,,,NO,HECWL,NO
SBI-028,SBI,28,2,,,44.03231,-83.29608,,,2011-07-22 13:56:00,2012-06-07 17:34:00,,,,VR2W,69,112978,,,NO,HECWL,NO
SBI-029,SBI,29,2,,,44.02485,-83.28915,,,2011-07-22 14:24:00,2012-06-07 17:53:00,,,,VR2W,69,109881,,,NO,HECWL,NO
SBI-031,SBI,31,2,,,44.00985,-83.27504,,,2011-07-22 15:07:00,2012-06-07 18:35:00,,,,VR2W,69,109480,,,NO,HECWL,NO
SBI-032,SBI,32,2,,,44.00235,-83.26800,,,2011-07-22 15:32:00,2012-06-07 18:54:00,,,,VR2W,69,109485,,,NO,HECWL,NO
SBI-033,SBI,33,2,,,43.99502,-83.26095,,,2011-07-22 16:04:00,2012-06-07 19:17:00,,,,VR2W,69,109509,,,NO,HECWL,NO
SBO-022,SBO,22,2,,,44.13878,-83.23373,,,2011-07-25 16:37:00,2012-06-28 14:00:00,,,,VR2W,69,112967,,,NO,HECWL,NO
PES-002,PES,2,2,45.04668,-87.74454,45.04668,-87.74454,45.04668,-87.74454,2011-07-26 16:31:00,2011-10-12 16:30:00,2,0,2,VR2W,69,103686,"Donofrio, Michael C","",No,GBSTG,No
SBO-024,SBO,24,2,,,44.12352,-83.22037,,,2011-07-27 12:21:00,2012-06-28 14:50:00,,,,VR2W,69,110009,,,NO,HECWL,NO
SBO-025,SBO,25,2,,,44.11593,-83.21351,,,2011-07-27 12:44:00,2012-06-28 15:16:00,,,,VR2W,69,109926,,,NO,HECWL,NO
SBO-026,SBO,26,2,,,44.10840,-83.20689,,,2011-07-27 13:14:00,2012-06-28 15:39:00,,,,VR2W,69,109501,,,NO,HECWL,NO
SBO-027,SBO,27,2,,,44.10096,-83.20008,,,2011-07-27 13:37:00,2012-06-28 15:56:00,,,,VR2W,69,110000,,,NO,HECWL,NO
SBO-028,SBO,28,2,,,44.09336,-83.19350,,,2011-07-27 14:04:00,2012-06-28 16:34:00,,,,VR2W,69,109915,,,NO,HECWL,NO
SBO-029,SBO,29,2,,,44.08570,-83.18672,,,2011-07-27 14:25:00,2012-06-27 21:37:00,,,,VR2W,69,109988,,,NO,HECWL,NO
SBO-030,SBO,30,2,,,44.07813,-83.18002,,,2011-07-27 14:50:00,2012-06-28 16:55:00,,,,VR2W,69,109958,,,NO,HECWL,NO
SBO-031,SBO,31,2,,,44.07054,-83.17311,,,2011-07-27 15:09:00,2012-06-28 17:20:00,,,,VR2W,69,109954,,,NO,HECWL,NO
SBO-032,SBO,32,2,,,44.06282,-83.16626,,,2011-07-27 15:28:00,2012-06-27 20:09:00,,,,VR2W,69,109974,,,NO,HECWL,NO
SBO-033,SBO,33,2,,,44.05531,-83.15932,,,2011-07-27 16:08:00,2012-06-27 19:50:00,,,,VR2W,69,109955,,,NO,HECWL,NO
SBO-034,SBO,34,2,,,44.04774,-83.15303,,,2011-07-27 16:58:00,2012-06-27 19:26:00,,,,VR2W,69,109980,,,NO,HECWL,NO
SBO-036,SBO,36,2,,,44.03260,-83.13944,,,2011-07-27 17:59:00,2012-06-27 18:40:00,,,,VR2W,69,109904,,,NO,HECWL,NO
SBO-021,SBO,21,2,,,44.14629,-83.24047,,,2011-07-28 12:54:00,2012-06-28 13:31:00,,,,VR2W,69,109982,,,NO,HECWL,NO
SBO-020,SBO,20,2,,,44.15375,-83.24736,,,2011-07-28 13:39:00,2012-06-28 13:08:00,,,,VR2W,69,109475,,,NO,HECWL,NO
SBO-019,SBO,19,2,,,44.16175,-83.25368,,,2011-07-28 14:05:00,2012-06-28 12:40:00,,,,VR2W,69,109992,,,NO,HECWL,NO
SBO-017,SBO,17,2,,,44.17125,-83.27493,,,2011-07-28 14:53:00,2012-06-08 12:33:00,,,,VR2W,69,109910,,,NO,HECWL,NO
SBO-013,SBO,13,2,,,44.19002,-83.31771,,,2011-07-28 15:23:00,2012-06-05 18:25:00,,,,VR2W,69,112976,,,NO,HECWL,NO
THB-016,THB,16,2,,,45.01818,-83.27342,,,2011-07-29 13:34:00,2012-05-31 13:40:00,,,,VR2W,69,109924,,,NO,HECWL,NO
THB-015,THB,15,2,,,45.00952,-83.27660,,,2011-07-29 13:51:00,2012-05-31 14:18:00,,,,VR2W,69,110008,,,NO,HECWL,NO
THB-014,THB,14,2,,,45.00083,-83.27972,,,2011-07-29 14:21:00,2012-06-22 13:58:00,,,,VR2W,69,110006,,,NO,HECWL,NO
THB-013,THB,13,2,,,44.99205,-83.28283,,,2011-07-29 14:48:00,2012-05-31 15:30:00,,,,VR2W,69,109977,,,NO,HECWL,NO
THB-012,THB,12,2,,,44.98335,-83.28602,,,2011-07-29 15:04:00,2012-05-31 16:08:00,,,,VR2W,69,110015,,,NO,HECWL,NO
THB-010,THB,10,2,,,44.96580,-83.29218,,,2011-07-29 15:48:00,2012-05-31 17:16:00,,,,VR2W,69,109940,,,NO,HECWL,NO
THB-009,THB,9,2,,,44.95709,-83.29506,,,2011-07-29 16:09:00,2012-05-31 18:08:00,,,,VR2W,69,109885,,,NO,HECWL,NO
LLP-004,LLP,4,1,,,41.62806,-88.06253,,,2011-08-10 05:00:00,,,,,VR2W,69,103668,,,no,CRSAC,no
EMA-014,EMA,14,4,,,43.62084,-79.34173,,,2011-08-15 03:59:00,2011-11-02 04:00:00,,,,VR2W,69,104771,,,No,THFHA,Yes
EMB-013,EMB,13,4,,,43.62453,-79.33883,,,2011-08-15 03:59:00,2011-11-03 04:00:00,,,,VR2W,69,104778,,,No,THFHA,Yes
EMC-010,EMC,10,4,,,43.62758,-79.33495,,,2011-08-15 03:59:00,2011-11-03 04:00:00,,,,VR2W,69,104777,,,No,THFHA,Yes
OHM-001,OHM,1,4,,,43.63956,-79.32485,,,2011-08-15 03:59:00,2011-11-03 04:00:00,,,,VR2W,69,104768,,,No,THFHA,No
GAT-015,GAT,15,4,,,43.62300,-79.34426,,,2011-08-16 03:59:00,2011-11-02 04:00:00,,,,VR2W,69,109218,,,No,THFHA,Yes
GAT-017,GAT,17,4,,,43.62546,-79.35013,,,2011-08-16 03:59:00,2011-11-02 04:00:00,,,,VR2W,69,111033,,,No,THFHA,Yes
GAT-021,GAT,21,4,,,43.62313,-79.34986,,,2011-08-16 03:59:00,2011-11-03 04:00:00,,,,VR2W,69,111032,,,No,THFHA,Yes
ULP-005,ULP,5,1,,,41.83815,-87.68327,,,2011-08-16 05:00:00,,,,,VR2W,69,103666,,,no,CRSAC,no
DRM-102,DRM,102,2,,,45.90960,-83.66451,,,2011-08-16 21:00:00,2011-11-21 15:58:00,,,,VR2W,69,109456,,,Yes,DRMLT,Yes
DRM-103,DRM,103,2,,,45.91609,-83.66087,,,2011-08-16 21:00:00,2011-11-15 16:53:00,,,,VR2W,69,109467,,,Yes,DRMLT,Yes
DRM-105,DRM,105,2,,,45.90332,-83.66732,,,2011-08-16 21:00:00,2011-11-15 14:13:00,,,,VR2W,69,109407,,,Yes,DRMLT,Yes
DRM-106,DRM,106,2,,,45.91687,-83.65606,,,2011-08-16 21:00:00,2011-11-15 17:26:00,,,,VR2W,69,109496,,,Yes,DRMLT,Yes
DRM-107,DRM,107,2,,,45.90677,-83.66595,,,2011-08-16 21:00:00,2011-11-15 14:31:00,,,,VR2W,69,109405,,,Yes,DRMLT,Yes
DRM-110,DRM,110,2,,,45.92295,-83.64397,,,2011-08-16 21:00:00,2011-11-19 17:58:00,,,,VR2W,69,109424,,,Yes,DRMLT,Yes
DRM-113,DRM,113,2,,,45.91973,-83.64707,,,2011-08-16 21:00:00,2011-11-19 18:06:00,,,,VR2W,69,109122,,,Yes,DRMLT,Yes
DRM-116,DRM,116,2,,,45.92015,-83.64117,,,2011-08-16 21:00:00,2011-11-15 21:38:00,,,,VR2W,69,109408,,,Yes,DRMLT,Yes
DRM-019,DRM,19,2,,,45.91294,-83.66218,,,2011-08-16 21:00:00,2011-11-15 16:46:00,,,,VR2W,69,109476,,,Yes,DRMLT,Yes
DRM-037,DRM,37,2,,,45.91465,-83.65120,,,2011-08-16 21:00:00,2011-11-15 16:30:00,,,,VR2W,69,109473,,,Yes,DRMLT,Yes
DRM-045,DRM,45,2,,,45.91291,-83.65637,,,2011-08-16 21:00:00,2011-11-15 16:39:00,,,,VR2W,69,109460,,,Yes,DRMLT,Yes
DRM-054,DRM,54,2,,,45.91480,-83.64598,,,2011-08-16 21:00:00,2011-11-15 16:21:00,,,,VR2W,69,109511,,,Yes,DRMLT,Yes
DRM-057,DRM,57,2,,,45.91344,-83.64138,,,2011-08-16 21:00:00,2011-11-15 16:11:00,,,,VR2W,69,109414,,,Yes,DRMLT,Yes
DRM-058,DRM,58,2,,,45.91478,-83.67347,,,2011-08-16 21:00:00,2011-11-29 20:36:00,,,,VR2W,69,109907,,,Yes,DRMLT,Yes
DRM-072,DRM,72,2,,,45.90933,-83.67348,,,2011-08-16 21:00:00,2011-11-15 14:43:00,,,,VR2W,69,109483,,,Yes,DRMLT,Yes
DRM-077,DRM,77,2,,,45.91227,-83.67066,,,2011-08-16 21:00:00,2011-11-23 14:15:00,,,,VR2W,69,109432,,,Yes,DRMLT,Yes
DRM-082,DRM,82,2,,,45.90382,-83.67343,,,2011-08-16 21:00:00,2011-11-15 14:21:00,,,,VR2W,69,106324,,,Yes,DRMLT,Yes
DRM-087,DRM,87,2,,,45.91689,-83.66453,,,2011-08-16 21:00:00,2011-11-21 17:08:00,,,,VR2W,69,109431,,,Yes,DRMLT,Yes
DRM-091,DRM,91,2,,,45.90141,-83.67179,,,2011-08-16 21:00:00,2011-11-15 14:08:00,,,,VR2W,69,109428,,,Yes,DRMLT,Yes
DRM-092,DRM,92,2,,,45.90472,-83.66999,,,2011-08-16 21:00:00,2011-11-15 14:17:00,,,,VR2W,69,109900,,,Yes,DRMLT,Yes
DRM-094,DRM,94,2,,,45.91061,-83.66740,,,2011-08-16 21:00:00,2011-11-21 18:18:00,,,,VR2W,69,109447,,,Yes,DRMLT,Yes
DRM-097,DRM,97,2,,,45.89923,-83.66917,,,2011-08-16 21:00:00,2011-11-15 13:50:00,,,,VR2W,69,109124,,,Yes,DRMLT,Yes
DRM-099,DRM,99,2,,,45.90119,-83.66602,,,2011-08-16 21:00:00,2011-11-15 13:59:00,,,,VR2W,69,109120,,,Yes,DRMLT,Yes
CE2-038,CE2,38,2,,,43.62807,-79.32715,,,2011-08-17 03:59:00,2011-11-02 04:00:00,,,,VR2W,69,105260,,,No,THFHA,Yes
CE3-037,CE3,37,2,,,43.62619,-79.33060,,,2011-08-17 03:59:00,2011-12-15 05:00:00,,,,VR2W,69,105467,,,No,THFHA,Yes
CHB-002,CHB,2,4,,,43.64033,-79.33105,,,2011-08-17 03:59:00,2011-11-03 04:00:00,,,,VR2W,69,109219,,,No,THFHA,No
GAT-022,GAT,22,4,,,43.62191,-79.34692,,,2011-08-17 03:59:00,2011-11-02 04:00:00,,,,VR2W,69,104769,,,No,THFHA,Yes
TOI-027,TOI,27,4,,,43.62138,-79.38925,,,2011-08-17 03:59:00,2011-11-04 04:00:00,,,,VR2W,69,104770,,,No,THFHA,Yes
TOI-040,TOI,40,2,,,43.61615,-79.38708,,,2011-08-17 03:59:00,2011-11-04 04:00:00,,,,VR2W,69,113252,,,No,THFHA,Yes
TOI-041,TOI,41,2,,,43.62000,-79.38154,,,2011-08-17 03:59:00,2011-11-04 04:00:00,,,,VR2W,69,113253,,,No,THFHA,Yes
TOI-042,TOI,42,2,,,43.62103,-79.37122,,,2011-08-17 03:59:00,2011-11-04 04:00:00,,,,VR2W,69,113250,,,No,THFHA,Yes
TOI-043,TOI,43,2,,,43.62458,-79.36124,,,2011-08-17 03:59:00,2011-11-04 04:00:00,,,,VR2W,69,113251,,,No,THFHA,Yes
TOI-044,TOI,44,2,,,43.63125,-79.35799,,,2011-08-17 03:59:00,2011-12-15 05:00:00,,,,VR2W,69,113254,,,No,THFHA,Yes
DRM-135,DRM,135,2,,,45.90758,-83.62771,,,2011-08-17 12:28:00,2011-11-15 19:44:00,,,,VR2W,69,106323,,,Yes,DRMLT,Yes
DRM-132,DRM,132,2,,,45.91109,-83.62668,,,2011-08-17 12:37:00,2011-11-15 20:05:00,,,,VR2W,69,109413,,,Yes,DRMLT,Yes
DRM-130,DRM,130,2,,,45.91110,-83.62973,,,2011-08-17 12:43:00,2011-11-15 20:12:00,,,,VR2W,69,109410,,,Yes,DRMLT,Yes
DRM-133,DRM,133,2,,,45.90755,-83.63211,,,2011-08-17 12:52:00,2011-11-23 15:54:00,,,,VR2W,69,110012,,,Yes,DRMLT,Yes
DRM-124,DRM,124,2,,,45.91369,-83.63419,,,2011-08-17 13:03:00,2011-11-29 16:15:00,,,,VR2W,69,109466,,,Yes,DRMLT,Yes
DRM-127,DRM,127,2,,,45.91439,-83.62912,,,2011-08-17 13:11:00,2011-11-21 16:39:00,,,,VR2W,69,109441,,,Yes,DRMLT,Yes
DRM-126,DRM,126,2,,,45.91719,-83.62633,,,2011-08-17 13:19:00,2011-11-15 20:49:00,,,,VR2W,69,109474,,,Yes,DRMLT,Yes
DRM-121,DRM,121,2,,,45.91831,-83.63160,,,2011-08-17 13:29:00,2011-11-15 21:05:00,,,,VR2W,69,109902,,,Yes,DRMLT,Yes
DRM-122,DRM,122,2,,,45.91600,-83.63439,,,2011-08-17 13:39:00,2011-11-23 15:12:00,,,,VR2W,69,109923,,,Yes,DRMLT,Yes
DRM-118,DRM,118,2,,,45.92068,-83.63476,,,2011-08-17 13:48:00,2011-11-15 21:31:00,,,,VR2W,69,109469,,,Yes,DRMLT,Yes
DRM-117,DRM,117,2,,,45.92317,-83.63135,,,2011-08-17 13:54:00,2011-11-15 21:26:00,,,,VR2W,69,109931,,,Yes,DRMLT,Yes
DRM-114,DRM,114,2,,,45.92259,-83.63798,,,2011-08-17 14:09:00,2011-11-19 17:49:00,,,,VR2W,69,109971,,,Yes,DRMLT,Yes
DRM-112,DRM,112,2,,,45.92539,-83.63692,,,2011-08-17 14:23:00,2011-11-19 17:43:00,,,,VR2W,69,109472,,,Yes,DRMLT,Yes
DRM-108,DRM,108,2,,,45.92652,-83.64111,,,2011-08-17 14:32:00,2011-11-20 18:47:00,,,,VR2W,69,109461,,,Yes,DRMLT,Yes
DRM-101,DRM,101,2,,,45.92927,-83.63591,,,2011-08-17 14:41:00,2011-11-20 19:03:00,,,,VR2W,69,109996,,,Yes,DRMLT,Yes
DRM-096,DRM,96,2,,,45.92853,-83.64420,,,2011-08-17 14:49:00,2011-11-15 17:47:00,,,,VR2W,69,109897,,,Yes,DRMLT,Yes
DRM-086,DRM,86,2,,,45.93188,-83.64044,,,2011-08-17 14:55:00,2011-11-16 14:30:00,,,,VR2W,69,113209,,,Yes,DRMLT,Yes
CE1-039,CE1,39,2,,,43.63087,-79.32396,,,2011-08-18 03:59:00,2011-09-11 04:00:00,,,,VR2W,69,105539,,,No,THFHA,Yes
DOR-050,DOR,50,2,,,43.64820,-79.35246,,,2011-08-18 03:59:00,2011-11-09 05:00:00,,,,VR2W,69,113145,,,No,THFHA,Yes
EMC-036,EMC,36,2,,,43.63072,-79.33061,,,2011-08-18 03:59:00,2011-11-09 05:00:00,,,,VR2W,69,113248,,,No,THFHA,Yes
EMC-009,EMC,9,4,,,43.62932,-79.33670,,,2011-08-18 03:59:00,2011-11-09 05:00:00,,,,VR2W,69,109217,,,No,THFHA,No
EMD-080,EMD,80,3,,,43.63258,-79.32763,,,2011-08-18 03:59:00,2011-11-09 05:00:00,,,,VR2W,69,109220,,,No,THFHA,No
TUB-049,TUB,49,2,,,43.64524,-79.34102,,,2011-08-18 03:59:00,2011-11-09 05:00:00,,,,VR2W,69,113146,,,No,THFHA,Yes
DRM-062,DRM,62,2,,,45.93837,-83.63316,,,2011-08-18 12:00:00,2011-11-16 14:05:00,,,,VR2W,69,109953,,,Yes,DRMLT,Yes
DRM-034,DRM,34,2,,,45.94137,-83.63466,,,2011-08-18 12:07:00,2011-11-16 14:10:00,,,,VR2W,69,109911,,,Yes,DRMLT,Yes
DRM-052,DRM,52,2,,,45.93854,-83.63762,,,2011-08-18 12:13:00,2011-11-16 14:14:00,,,,VR2W,69,113217,,,Yes,DRMLT,Yes
DRM-036,DRM,36,2,,,45.93958,-83.64276,,,2011-08-18 12:20:00,2011-11-16 15:33:00,,,,VR2W,69,109930,,,Yes,DRMLT,Yes
DRM-021,DRM,21,2,,,45.94152,-83.64554,,,2011-08-18 12:28:00,2011-11-19 14:10:00,,,,VR2W,69,109896,,,Yes,DRMLT,Yes
DRM-032,DRM,32,2,,,45.93951,-83.64841,,,2011-08-18 12:34:00,2011-11-16 15:24:00,,,,VR2W,69,109970,,,Yes,DRMLT,Yes
DRM-040,DRM,40,2,,,45.93734,-83.65038,,,2011-08-18 12:38:00,2011-11-16 15:20:00,,,,VR2W,69,109968,,,Yes,DRMLT,Yes
DRM-033,DRM,33,2,,,45.93756,-83.65505,,,2011-08-18 12:46:00,2011-11-20 20:24:00,,,,VR2W,69,113221,,,Yes,DRMLT,Yes
DRM-024,DRM,24,2,,,45.93969,-83.65361,,,2011-08-18 12:49:00,2011-11-16 15:15:00,,,,VR2W,69,109899,,,Yes,DRMLT,Yes
DRM-018,DRM,18,2,,,45.93945,-83.66021,,,2011-08-18 12:54:00,2011-11-16 15:07:00,,,,VR2W,69,109951,,,Yes,DRMLT,Yes
DRM-014,DRM,14,2,,,45.94110,-83.65739,,,2011-08-18 13:00:00,2011-11-19 14:20:00,,,,VR2W,69,113219,,,Yes,DRMLT,Yes
DRM-031,DRM,31,2,,,45.93681,-83.65869,,,2011-08-18 13:06:00,2011-11-16 15:11:00,,,,VR2W,69,113218,,,Yes,DRMLT,Yes
DRM-048,DRM,48,2,,,45.93483,-83.65422,,,2011-08-18 13:11:00,2011-11-16 14:48:00,,,,VR2W,69,109459,,,Yes,DRMLT,Yes
DRM-059,DRM,59,2,,,45.93473,-83.65044,,,2011-08-18 13:17:00,2011-11-21 20:58:00,,,,VR2W,69,113212,,,Yes,DRMLT,Yes
DRM-053,DRM,53,2,,,45.93680,-83.64524,,,2011-08-18 13:24:00,2011-11-16 15:27:00,,,,VR2W,69,113227,,,Yes,DRMLT,Yes
DRM-076,DRM,76,2,,,45.93516,-83.63723,,,2011-08-18 13:31:00,2011-11-16 14:19:00,,,,VR2W,69,109506,,,Yes,DRMLT,Yes
DRM-089,DRM,89,2,,,45.93338,-83.63420,,,2011-08-18 13:37:00,2011-11-16 14:23:00,,,,VR2W,69,109453,,,Yes,DRMLT,Yes
DRM-067,DRM,67,2,,,45.93553,-83.64156,,,2011-08-18 14:22:00,2011-11-20 20:35:00,,,,VR2W,69,109482,,,Yes,DRMLT,Yes
DRM-063,DRM,63,2,,,45.93463,-83.64787,,,2011-08-18 14:27:00,2011-11-23 14:03:00,,,,VR2W,69,109957,,,Yes,DRMLT,Yes
DRM-073,DRM,73,2,,,45.93240,-83.64830,,,2011-08-18 14:32:00,2011-11-16 14:40:00,,,,VR2W,69,109892,,,Yes,DRMLT,Yes
DRM-081,DRM,81,2,,,45.93153,-83.64518,,,2011-08-18 14:37:00,2011-11-21 20:39:00,,,,VR2W,69,109471,,,Yes,DRMLT,Yes
DRM-068,DRM,68,2,,,45.93192,-83.65164,,,2011-08-18 14:48:00,2011-11-16 14:44:00,,,,VR2W,69,109978,,,Yes,DRMLT,Yes
DRM-078,DRM,78,2,,,45.92406,-83.66068,,,2011-08-18 14:56:00,2011-11-19 20:53:00,,,,VR2W,69,109127,,,Yes,DRMLT,Yes
DRM-070,DRM,70,2,,,45.92451,-83.66305,,,2011-08-18 15:00:00,2011-11-19 20:49:00,,,,VR2W,69,109455,,,Yes,DRMLT,Yes
DRM-061,DRM,61,2,,,45.92609,-83.66546,,,2011-08-18 15:06:00,2011-11-20 15:15:00,,,,VR2W,69,109505,,,Yes,DRMLT,Yes
DRM-060,DRM,60,2,,,45.92628,-83.66350,,,2011-08-18 15:11:00,2011-11-21 21:55:00,,,,VR2W,69,109488,,,Yes,DRMLT,Yes
DRM-069,DRM,69,2,,,45.92611,-83.66165,,,2011-08-18 15:15:00,2011-11-20 15:11:00,,,,VR2W,69,109409,,,Yes,DRMLT,Yes
DRM-066,DRM,66,2,,,45.93016,-83.65734,,,2011-08-18 15:22:00,2011-11-19 21:13:00,,,,VR2W,69,109125,,,Yes,DRMLT,Yes
DRM-056,DRM,56,2,,,45.93094,-83.65913,,,2011-08-18 15:28:00,2011-11-21 21:10:00,,,,VR2W,69,110004,,,Yes,DRMLT,Yes
DRM-049,DRM,49,2,,,45.92860,-83.66560,,,2011-08-18 15:34:00,2011-11-19 21:37:00,,,,VR2W,69,109513,,,Yes,DRMLT,Yes
DRM-042,DRM,42,2,,,45.92994,-83.66559,,,2011-08-18 15:39:00,2011-11-19 21:34:00,,,,VR2W,69,109905,,,Yes,DRMLT,Yes
DRM-039,DRM,39,2,,,45.92873,-83.66818,,,2011-08-18 15:46:00,2011-11-21 21:34:00,,,,VR2W,69,109936,,,Yes,DRMLT,Yes
DRM-047,DRM,47,2,,,45.92683,-83.66774,,,2011-08-18 15:52:00,2011-11-19 20:41:00,,,,VR2W,69,109914,,,Yes,DRMLT,Yes
DRM-023,DRM,23,2,,,45.93584,-83.66496,,,2011-08-18 16:04:00,2011-11-16 15:02:00,,,,VR2W,69,113210,,,Yes,DRMLT,Yes
DRM-085,DRM,85,2,,,45.92876,-83.64850,,,2011-08-18 17:54:00,2011-11-20 20:13:00,,,,VR2W,69,113230,,,Yes,DRMLT,Yes
DRM-084,DRM,84,2,,,45.92713,-83.65236,,,2011-08-18 18:00:00,2011-11-19 21:03:00,,,,VR2W,69,109416,,,Yes,DRMLT,Yes
DRM-093,DRM,93,2,,,45.92400,-83.65341,,,2011-08-18 18:06:00,2011-11-20 18:23:00,,,,VR2W,69,109417,,,Yes,DRMLT,Yes
DRM-100,DRM,100,2,,,45.91996,-83.65517,,,2011-08-18 18:13:00,2011-11-19 18:15:00,,,,VR2W,69,109443,,,Yes,DRMLT,Yes
DRM-095,DRM,95,2,,,45.91870,-83.65980,,,2011-08-18 18:21:00,2011-11-15 17:09:00,,,,VR2W,69,109879,,,Yes,DRMLT,Yes
DRM-083,DRM,83,2,,,45.91844,-83.66656,,,2011-08-18 18:29:00,2011-11-15 17:04:00,,,,VR2W,69,109886,,,Yes,DRMLT,Yes
DRM-074,DRM,74,2,,,45.91627,-83.66944,,,2011-08-18 18:36:00,2011-11-21 17:30:00,,,,VR2W,69,109468,,,Yes,DRMLT,Yes
DRM-090,DRM,90,2,,,45.90692,-83.66964,,,2011-08-18 18:43:00,2011-11-15 14:26:00,,,,VR2W,69,109913,,,Yes,DRMLT,Yes
DRM-065,DRM,65,2,,,45.92116,-83.66805,,,2011-08-18 19:00:00,2011-11-23 16:13:00,,,,VR2W,69,109498,,,Yes,DRMLT,Yes
DRM-046,DRM,46,2,,,45.91917,-83.67423,,,2011-08-18 19:05:00,2011-11-19 18:59:00,,,,VR2W,69,113220,,,Yes,DRMLT,Yes
DRM-026,DRM,26,2,,,45.91896,-83.67873,,,2011-08-18 19:11:00,2011-11-15 15:21:00,,,,VR2W,69,109942,,,Yes,DRMLT,Yes
DRM-017,DRM,17,2,,,45.91767,-83.68180,,,2011-08-18 19:17:00,2011-11-15 15:08:00,,,,VR2W,69,109878,,,Yes,DRMLT,Yes
DRM-013,DRM,13,2,,,45.91573,-83.68352,,,2011-08-18 19:22:00,2011-11-15 15:04:00,,,,VR2W,69,113215,,,Yes,DRMLT,Yes
DRM-029,DRM,29,2,,,45.91450,-83.68139,,,2011-08-18 19:28:00,2011-11-15 14:54:00,,,,VR2W,69,109927,,,Yes,DRMLT,Yes
DRM-043,DRM,43,2,,,45.91125,-83.67831,,,2011-08-18 19:38:00,2011-11-15 14:49:00,,,,VR2W,69,109983,,,Yes,DRMLT,Yes
DRM-080,DRM,80,2,,,45.92156,-83.66238,,,2011-08-18 19:52:00,2011-11-19 19:35:00,,,,VR2W,69,113233,,,Yes,DRMLT,Yes
DOR-034,DOR,34,3,,,43.64554,-79.35910,,,2011-08-19 03:59:00,2011-11-04 04:00:00,,,,VR2W,69,104774,,,No,THFHA,Yes
EAG-031,EAG,31,4,,,43.63459,-79.35335,,,2011-08-19 03:59:00,2011-11-04 04:00:00,,,,VR2W,69,104766,,,No,THFHA,Yes
EAG-032,EAG,32,4,,,43.63211,-79.35042,,,2011-08-19 03:59:00,2011-11-04 04:00:00,,,,VR2W,69,104767,,,No,THFHA,Yes
EXG-052,EXG,52,2,,,43.62927,-79.41886,,,2011-08-19 03:59:00,2011-11-04 04:00:00,,,,VR2W,69,113249,,,No,THFHA,Yes
GAT-016,GAT,16,4,,,43.62423,-79.34718,,,2011-08-19 03:59:00,2011-11-02 04:00:00,,,,VR2W,69,104773,,,No,THFHA,Yes
GAT-018,GAT,18,4,,,43.62672,-79.35312,,,2011-08-19 03:59:00,2011-11-02 04:00:00,,,,VR2W,69,111035,,,No,THFHA,Yes
GAT-019,GAT,19,3,,,43.62562,-79.35557,,,2011-08-19 03:59:00,2011-11-02 04:00:00,,,,VR2W,69,111034,,,No,THFHA,Yes
GAT-020,GAT,20,4,,,43.62442,-79.35277,,,2011-08-19 03:59:00,2011-11-03 04:00:00,,,,VR2W,69,111031,,,No,THFHA,Yes
MWF-051,MWF,51,2,,,43.63881,-79.37734,,,2011-08-19 03:59:00,2011-11-04 04:00:00,,,,VR2W,69,113144,,,No,THFHA,Yes
SPS-035,SPS,35,3,,,43.63744,-79.39143,,,2011-08-19 03:59:00,2011-11-04 04:00:00,,,,VR2W,69,104772,,,No,THFHA,Yes
WEG-028,WEG,28,4,,,43.63092,-79.40036,,,2011-08-19 03:59:00,2011-12-15 05:00:00,,,,VR2W,69,104776,,,No,THFHA,Yes
WEG-029,WEG,29,4,,,43.63326,-79.39591,,,2011-08-19 03:59:00,2011-11-04 04:00:00,,,,VR2W,69,109215,,,No,THFHA,Yes
DRM-111,DRM,111,2,,,45.92768,-83.63293,,,2011-08-19 11:51:00,2011-11-19 17:35:00,,,,VR2W,69,113211,,,Yes,DRMLT,Yes
DRM-115,DRM,115,2,,,45.92628,-83.62801,,,2011-08-19 11:56:00,2011-11-15 21:21:00,,,,VR2W,69,109121,,,Yes,DRMLT,Yes
DRM-120,DRM,120,2,,,45.92153,-83.62751,,,2011-08-19 12:01:00,2011-11-15 21:11:00,,,,VR2W,69,109890,,,Yes,DRMLT,Yes
DRM-123,DRM,123,2,,,45.92183,-83.61989,,,2011-08-19 12:09:00,2011-11-15 20:38:00,,,,VR2W,69,109920,,,Yes,DRMLT,Yes
DRM-125,DRM,125,2,,,45.91889,-83.62264,,,2011-08-19 12:13:00,2011-11-15 20:44:00,,,,VR2W,69,109883,,,Yes,DRMLT,Yes
DRM-128,DRM,128,2,,,45.91910,-83.61867,,,2011-08-19 12:20:00,2011-11-15 20:32:00,,,,VR2W,69,109889,,,Yes,DRMLT,Yes
DRM-129,DRM,129,2,,,45.91579,-83.62091,,,2011-08-19 12:25:00,2011-11-15 20:25:00,,,,VR2W,69,109876,,,Yes,DRMLT,Yes
DRM-131,DRM,131,2,,,45.91396,-83.62360,,,2011-08-19 12:29:00,2011-11-15 20:20:00,,,,VR2W,69,109500,,,Yes,DRMLT,Yes
DRM-134,DRM,134,2,,,45.91065,-83.62358,,,2011-08-19 12:35:00,2011-11-15 18:10:00,,,,VR2W,69,110011,,,Yes,DRMLT,Yes
DRM-137,DRM,137,2,,,45.90754,-83.62320,,,2011-08-19 12:39:00,2011-11-29 16:43:00,,,,VR2W,69,113226,,,Yes,DRMLT,Yes
DRM-139,DRM,139,2,,,45.90534,-83.62195,,,2011-08-19 12:44:00,2011-11-15 18:59:00,,,,VR2W,69,109123,,,Yes,DRMLT,Yes
DRM-138,DRM,138,2,,,45.90221,-83.62776,,,2011-08-19 12:50:00,2011-11-20 16:59:00,,,,VR2W,69,109975,,,Yes,DRMLT,Yes
DRM-136,DRM,136,2,,,45.90485,-83.62939,,,2011-08-19 13:08:00,2011-11-15 19:51:00,,,,VR2W,69,109921,,,Yes,DRMLT,Yes
DRM-044,DRM,44,2,,,45.92376,-83.67167,,,2011-08-19 13:27:00,2011-11-19 18:52:00,,,,VR2W,69,109429,,,Yes,DRMLT,Yes
DRM-038,DRM,38,2,,,45.92177,-83.67428,,,2011-08-19 13:33:00,2011-11-23 16:25:00,,,,VR2W,69,109934,,,Yes,DRMLT,Yes
DRM-008,DRM,8,2,,,45.91993,-83.68412,,,2011-08-19 13:48:00,2011-11-15 15:14:00,,,,VR2W,69,110007,,,Yes,DRMLT,Yes
DRM-035,DRM,35,2,,,45.93413,-83.66125,,,2011-08-19 15:06:00,2011-11-16 14:57:00,,,,VR2W,69,109420,,,Yes,DRMLT,Yes
DRM-050,DRM,50,2,,,45.93329,-83.65775,,,2011-08-19 15:11:00,2011-11-16 14:52:00,,,,VR2W,69,109421,,,Yes,DRMLT,Yes
DRM-071,DRM,71,2,,,45.92977,-83.65445,,,2011-08-19 15:16:00,2011-11-19 21:08:00,,,,VR2W,69,109877,,,Yes,DRMLT,Yes
DRM-075,DRM,75,2,,,45.92716,-83.65833,,,2011-08-19 15:27:00,2011-11-21 22:08:00,,,,VR2W,69,109945,,,Yes,DRMLT,Yes
DRM-079,DRM,79,2,,,45.92485,-83.65861,,,2011-08-19 15:32:00,2011-11-19 20:57:00,,,,VR2W,69,109490,,,Yes,DRMLT,Yes
DRM-088,DRM,88,2,,,45.92209,-83.65850,,,2011-08-19 15:36:00,2011-11-19 18:26:00,,,,VR2W,69,109984,,,Yes,DRMLT,Yes
DRM-022,DRM,22,2,,,45.92355,-83.67780,,,2011-08-19 15:54:00,2011-11-17 15:22:00,,,,VR2W,69,109880,,,Yes,DRMLT,Yes
DRM-020,DRM,20,2,,,45.92158,-83.67915,,,2011-08-19 15:59:00,2011-11-19 19:04:00,,,,VR2W,69,109508,,,Yes,DRMLT,Yes
DRM-007,DRM,7,2,,,45.92313,-83.68382,,,2011-08-19 16:04:00,2011-11-23 16:42:00,,,,VR2W,69,109446,,,Yes,DRMLT,Yes
DRM-012,DRM,12,2,,,45.92535,-83.68072,,,2011-08-19 16:09:00,2011-11-19 19:13:00,,,,VR2W,69,109452,,,Yes,DRMLT,Yes
DRM-025,DRM,25,2,,,45.92511,-83.67656,,,2011-08-19 16:14:00,2011-11-17 15:18:00,,,,VR2W,69,109491,,,Yes,DRMLT,Yes
DRM-003,DRM,3,2,,,45.92607,-83.68594,,,2011-08-19 16:19:00,2011-11-19 19:20:00,,,,VR2W,69,109427,,,Yes,DRMLT,Yes
DRM-002,DRM,2,2,,,45.92707,-83.68793,,,2011-08-19 16:24:00,2011-11-19 19:25:00,,,,VR2W,69,109437,,,Yes,DRMLT,Yes
DRM-015,DRM,15,2,,,45.92916,-83.67743,,,2011-08-19 16:30:00,2011-11-19 20:33:00,,,,VR2W,69,109435,,,Yes,DRMLT,Yes
DRM-064,DRM,64,2,,,45.92385,-83.66616,,,2011-08-19 16:41:00,2011-11-19 18:44:00,,,,VR2W,69,109933,,,Yes,DRMLT,Yes
DRM-041,DRM,41,2,,,45.93193,-83.66302,,,2011-08-19 18:35:00,2011-11-19 21:21:00,,,,VR2W,69,109515,,,Yes,DRMLT,Yes
DRM-051,DRM,51,2,,,45.92960,-83.66407,,,2011-08-19 18:55:00,2011-11-19 21:30:00,,,,VR2W,69,109503,,,Yes,DRMLT,Yes
DRM-055,DRM,55,2,,,45.92979,-83.66195,,,2011-08-19 18:59:00,2011-11-19 21:26:00,,,,VR2W,69,113216,,,Yes,DRMLT,Yes
DRM-027,DRM,27,2,,,45.93312,-83.66740,,,2011-08-19 19:04:00,2011-11-17 15:00:00,,,,VR2W,69,109507,,,Yes,DRMLT,Yes
DRM-030,DRM,30,2,,,45.93046,-83.67027,,,2011-08-19 19:07:00,2011-11-17 15:08:00,,,,VR2W,69,109947,,,Yes,DRMLT,Yes
DRM-028,DRM,28,2,,,45.92798,-83.67322,,,2011-08-19 19:11:00,2011-11-17 15:13:00,,,,VR2W,69,109430,,,Yes,DRMLT,Yes
DRM-016,DRM,16,2,,,45.93271,-83.67348,,,2011-08-19 19:21:00,2011-11-19 20:19:00,,,,VR2W,69,109895,,,Yes,DRMLT,Yes
DRM-010,DRM,10,2,,,45.93431,-83.67719,,,2011-08-19 19:26:00,2011-11-22 15:05:00,,,,VR2W,69,109888,,,Yes,DRMLT,Yes
DRM-009,DRM,9,2,,,45.93698,-83.67407,,,2011-08-19 19:31:00,2011-11-19 20:13:00,,,,VR2W,69,113224,,,Yes,DRMLT,Yes
DRM-011,DRM,11,2,,,45.93762,-83.67016,,,2011-08-19 19:36:00,2011-11-22 15:25:00,,,,VR2W,69,109875,,,Yes,DRMLT,Yes
DRM-098,DRM,98,2,,,45.92550,-83.64844,,,2011-08-19 19:43:00,2011-11-15 17:42:00,,,,VR2W,69,113228,,,Yes,DRMLT,Yes
DRM-119,DRM,119,2,,,45.92413,-83.62502,,,2011-08-20 12:31:00,2011-11-15 21:16:00,,,,VR2W,69,109981,,,Yes,DRMLT,Yes
DRM-109,DRM,109,2,,,45.91879,-83.65102,,,2011-08-20 13:02:00,2011-11-15 17:31:00,,,,VR2W,69,109990,,,Yes,DRMLT,Yes
DRM-104,DRM,104,2,,,45.92241,-83.65042,,,2011-08-20 13:10:00,2011-11-15 17:38:00,,,,VR2W,69,113225,,,Yes,DRMLT,Yes
DRM-140,DRM,140,2,,,45.92275,-83.63590,,,2011-08-20 13:18:00,2011-11-20 19:25:00,,,,VR2W,69,109448,,,Yes,DRMLT,Yes
DRM-001,DRM,1,2,,,45.92975,-83.68912,,,2011-08-20 13:30:00,2011-11-19 19:30:00,,,,VR2W,69,109462,,,Yes,DRMLT,Yes
DRM-004,DRM,4,2,,,45.92890,-83.68497,,,2011-08-20 13:35:00,2011-11-19 19:35:00,,,,VR2W,69,109909,,,Yes,DRMLT,Yes
DRM-005,DRM,5,2,,,45.93087,-83.68221,,,2011-08-20 13:43:00,2011-11-19 20:25:00,,,,VR2W,69,109514,,,Yes,DRMLT,Yes
DRM-006,DRM,6,2,,,45.92883,-83.68189,,,2011-08-20 13:51:00,2011-11-19 20:28:00,,,,VR2W,69,106326,,,Yes,DRMLT,Yes
THB-001,THB,1,2,,,44.88708,-83.32057,,,2011-08-29 17:31:00,2012-06-19 15:11:00,,,,VR2W,69,109995,,,NO,HECWL,NO
THB-002,THB,2,2,,,44.89479,-83.31744,,,2011-08-29 17:48:00,2012-06-19 14:56:00,,,,VR2W,69,109960,,,NO,HECWL,NO
THB-004,THB,4,2,,,44.91330,-83.31073,,,2011-08-29 18:47:00,2012-06-19 14:22:00,,,,VR2W,69,113214,,,NO,HECWL,NO
THB-005,THB,5,2,,,44.92213,-83.30769,,,2011-08-29 19:07:00,2012-06-19 14:02:00,,,,VR2W,69,109965,,,NO,HECWL,NO
THB-006,THB,6,2,,,44.93081,-83.30462,,,2011-08-29 19:29:00,2012-06-19 13:36:00,,,,VR2W,69,113229,,,NO,HECWL,NO
THB-007,THB,7,2,,,44.93957,-83.30165,,,2011-08-29 19:48:00,2012-05-31 19:03:00,,,,VR2W,69,110005,,,NO,HECWL,NO
SBI-001,SBI,1,2,,,44.17873,-83.54767,,,2011-08-30 13:42:00,2012-06-06 12:30:00,,,,VR2W,69,109991,,,NO,HECWL,NO
SBI-003,SBI,3,2,,,44.17255,-83.53090,,,2011-08-30 15:01:00,2012-06-06 13:02:00,,,,VR2W,69,109999,,,NO,HECWL,NO
SBI-005,SBI,5,2,,,44.16338,-83.50938,,,2011-08-30 15:40:00,2012-06-06 13:52:00,,,,VR2W,69,109952,,,NO,HECWL,NO
SBI-006,SBI,6,2,,,44.15888,-83.49875,,,2011-08-30 16:25:00,2012-06-06 14:11:00,,,,VR2W,69,109422,,,NO,HECWL,NO
SBI-016,SBI,16,2,,,44.11324,-83.39070,,,2011-08-30 17:23:00,2012-06-06 18:38:00,,,,VR2W,69,109436,,,NO,HECWL,NO
SBI-017,SBI,17,2,,,44.10875,-83.38007,,,2011-08-31 13:36:00,2012-06-07 14:27:00,,,,VR2W,69,114483,,,NO,HECWL,NO
SBI-020,SBI,20,2,,,44.09216,-83.35196,,,2011-08-31 14:09:00,2012-06-07 15:23:00,,,,VR2W,69,109964,,,NO,HECWL,NO
SBI-021,SBI,21,2,,,44.08473,-83.34492,,,2011-08-31 14:41:00,2012-06-07 15:41:00,,,,VR2W,69,109425,,,NO,HECWL,NO
SBI-023,SBI,23,2,,,44.06965,-83.33100,,,2011-08-31 16:13:00,2012-06-07 16:12:00,,,,VR2W,69,110003,,,NO,HECWL,NO
SBI-024,SBI,24,2,,,44.06203,-83.32402,,,2011-08-31 16:47:00,2012-06-07 16:23:00,,,,VR2W,69,109445,,,NO,HECWL,NO
SBI-027,SBI,27,2,,,44.03981,-83.30289,,,2011-08-31 17:30:00,2012-06-07 17:16:00,,,,VR2W,69,114480,,,NO,HECWL,NO
SBI-030,SBI,30,2,,,44.01737,-83.28197,,,2011-08-31 18:02:00,2012-06-07 18:14:00,,,,VR2W,69,109449,,,NO,HECWL,NO
SBI-034,SBI,34,2,,,43.98740,-83.25400,,,2011-08-31 18:43:00,2013-12-02 21:00:00,,,,VR2W,69,113222,,,NO,HECWL,NO
SBI-035,SBI,35,2,,,43.97997,-83.24703,,,2011-08-31 19:21:00,2012-06-07 19:57:00,,,,VR2W,69,109884,,,NO,HECWL,NO
SBO-035,SBO,35,2,,,44.03999,-83.14602,,,2011-09-01 14:02:00,2012-06-27 19:10:00,,,,VR2W,69,109517,,,NO,HECWL,NO
OSC-011,OSC,11,2,,,44.45155,-83.19193,,,2011-09-01 18:19:00,2012-06-29 13:10:00,,,,VR2W,69,109510,,,NO,HECWL,NO
OSC-004,OSC,4,2,,,44.45163,-83.28083,,,2011-09-01 18:54:00,2012-06-29 15:40:00,,,,VR2W,69,109928,,,NO,HECWL,NO
CE1-039,CE1,39,3,,,43.63087,-79.32396,,,2011-09-12 03:59:00,2012-04-19 04:00:00,,,,VR2W,69,105539,,,No,THFHA,Yes
BWB-002,BWB,2,2,,,42.98172,-82.42041,,,2011-09-12 18:30:00,,3.1,,,VR2W,69,109484,,,NO,HECST,NO
BWB-001,BWB,1,2,,,42.97875,-82.41385,,,2011-09-12 19:16:00,,7.6,,,VR2W,69,114479,,,NO,HECST,NO
DRM-147,DRM,147,2,,,45.90754,-83.60433,,,2011-09-15 16:16:00,2011-11-20 14:40:00,,,,VR2W,69,109439,,,Yes,DRMLT,Yes
DRM-148,DRM,148,2,,,45.91063,-83.60667,,,2011-09-15 16:28:00,2011-11-20 14:35:00,,,,VR2W,69,114481,,,Yes,DRMLT,Yes
DRM-143,DRM,143,2,,,45.91277,-83.60283,,,2011-09-15 16:33:00,2011-11-20 14:29:00,,,,VR2W,69,109504,,,Yes,DRMLT,Yes
DRM-144,DRM,144,2,,,45.91532,-83.60506,,,2011-09-15 16:41:00,2011-11-20 14:01:00,,,,VR2W,69,109440,,,Yes,DRMLT,Yes
DRM-152,DRM,152,2,,,45.91243,-83.59724,,,2011-09-15 16:49:00,2011-11-29 17:00:00,,,,VR2W,69,109126,,,Yes,DRMLT,Yes
DRM-149,DRM,149,2,,,45.91877,-83.60536,,,2011-09-15 17:00:00,2011-11-20 14:08:00,,,,VR2W,69,109442,,,Yes,DRMLT,Yes
DRM-141,DRM,141,2,,,45.91317,-83.61092,,,2011-09-15 17:13:00,2011-11-20 13:55:00,,,,VR2W,69,109986,,,Yes,DRMLT,Yes
BBI-004,BBI,4,2,,,45.69908,-84.41951,,,2011-09-16 17:00:00,2012-07-16 16:07:00,,,,VR2W,69,109882,,,NO,HECWL,NO
BBI-003,BBI,3,2,,,45.69116,-84.41951,,,2011-09-16 18:10:00,2012-07-16 15:36:00,,,,VR2W,69,109906,,,NO,HECWL,NO
BBI-005,BBI,5,2,,,45.70701,-84.41849,,,2011-09-16 18:50:00,2012-06-14 14:26:00,,,,VR2W,69,114482,,,NO,HECWL,NO
BBI-002,BBI,2,2,,,45.68316,-84.41941,,,2011-09-16 19:20:00,2011-12-14 16:10:00,,,,VR2W,69,109499,,,NO,HECWL,NO
DRM-151,DRM,151,2,,,45.91022,-83.61512,,,2011-09-25 19:51:00,2011-11-20 14:50:00,,,,VR2W,69,109993,,,Yes,DRMLT,Yes
DRM-146,DRM,146,2,,,45.90838,-83.61068,,,2011-09-25 20:06:00,2011-11-20 14:44:00,,,,VR2W,69,109457,,,Yes,DRMLT,Yes
DRM-145,DRM,145,2,,,45.90954,-83.59964,,,2011-09-25 20:18:00,2011-11-20 14:22:00,,,,VR2W,69,109494,,,Yes,DRMLT,Yes
DRM-150,DRM,150,2,,,45.91557,-83.59890,,,2011-09-25 20:24:00,2011-11-20 14:13:00,,,,VR2W,69,109489,,,Yes,DRMLT,Yes
DRM-142,DRM,142,2,,,45.91550,-83.61040,,,2011-09-25 20:32:00,2011-11-20 13:49:00,,,,VR2W,69,109479,,,Yes,DRMLT,Yes
THB-011,THB,11,2,,,44.97453,-83.28923,,,2011-10-03 17:55:00,2012-06-22 14:38:00,,,,VR2W,69,109493,,,NO,HECWL,NO
THB-003,THB,3,2,,,44.90450,-83.31394,,,2011-10-03 19:27:00,2012-06-19 14:43:00,,,,VR2W,69,109943,,,NO,HECWL,NO
OSC-003,OSC,3,2,,,44.45156,-83.29331,,,2011-10-04 17:05:00,2012-06-29 16:02:00,,,,VR2W,69,109454,,,NO,HECWL,NO
SBI-002,SBI,2,2,,,44.17714,-83.54169,,,2011-10-04 19:17:00,2012-06-06 12:42:00,,,,VR2W,69,109956,,,NO,HECWL,NO
SBI-022,SBI,22,2,,,44.07725,-83.33781,,,2011-10-04 19:50:00,2012-06-07 15:54:00,,,,VR2W,69,110016,,,NO,HECWL,NO
WHT-010,WHT,10,2,,,43.74396,-82.49616,,,2011-10-05 17:15:00,2012-08-15 16:10:00,,,,VR2W,69,109492,,,NO,HECWL,NO
WHT-008,WHT,8,2,,,43.74074,-82.51974,,,2011-10-05 18:29:00,2012-08-15 17:12:00,,,,VR2W,69,109908,,,NO,HECWL,NO
WHT-007,WHT,7,2,,,43.73947,-82.53177,,,2011-10-05 20:29:00,2012-09-10 20:17:00,,,,VR2W,69,109985,,,NO,HECWL,NO
WHT-006,WHT,6,2,,,43.73772,-82.54323,,,2011-10-05 21:20:00,2012-09-11 15:10:00,,,,VR2W,69,109426,,,NO,HECWL,NO
WHT-005,WHT,5,2,,,43.73628,-82.55533,,,2011-10-05 21:50:00,2012-09-10 21:20:00,,,,VR2W,69,109458,,,NO,HECWL,NO
WHT-004,WHT,4,2,,,43.73468,-82.56692,,,2011-10-05 22:18:00,2012-08-02 18:07:00,,,,VR2W,69,109412,,,NO,HECWL,NO
WHT-003,WHT,3,3,,,43.73326,-82.57904,,,2011-10-05 22:50:00,2012-08-02 17:37:00,,,,VR2W,69,109463,,,NO,HECWL,NO
WHT-002,WHT,2,2,,,43.73172,-82.59050,,,2011-10-05 23:55:00,2012-09-11 16:16:00,,,,VR2W,69,109470,,,NO,HECWL,NO
SBO-037,SBO,37,2,,,44.02510,-83.13262,,,2011-10-06 13:39:00,2012-06-27 18:19:00,,,,VR2W,69,109478,,,NO,HECWL,NO
SBO-038,SBO,38,2,,,44.01754,-83.12588,,,2011-10-06 13:50:00,2012-06-27 17:37:00,,,,VR2W,69,109433,,,NO,HECWL,NO
STG-002,STG,2,2,,,44.71324,-83.25144,,,2011-10-06 20:15:00,2012-07-12 18:11:00,,,,VR2W,69,109451,,,NO,HECWL,NO
STG-003,STG,3,2,,,44.71315,-83.23911,,,2011-10-06 20:35:00,2012-07-12 17:54:00,,,,VR2W,69,109903,,,NO,HECWL,NO
STG-010,STG,10,2,,,44.71326,-83.15053,,,2011-10-07 14:15:00,2012-07-12 14:29:00,,,,VR2W,69,109486,,,NO,HECWL,NO
STG-009,STG,9,2,,,44.71332,-83.16315,,,2011-10-07 15:13:00,2012-07-12 15:16:00,,,,VR2W,69,109495,,,NO,HECWL,NO
STG-008,STG,8,2,,,44.71335,-83.17568,,,2011-10-07 15:54:00,2012-07-12 15:57:00,,,,VR2W,69,109916,,,NO,HECWL,NO
STG-007,STG,7,2,,,44.71330,-83.18826,,,2011-10-07 16:30:00,2012-07-12 16:17:00,,,,VR2W,69,109406,,,NO,HECWL,NO
STG-006,STG,6,2,,,44.71321,-83.20109,,,2011-10-07 17:05:00,2012-07-12 16:54:00,,,,VR2W,69,109423,,,NO,HECWL,NO
STG-005,STG,5,2,,,44.71324,-83.21374,,,2011-10-07 17:32:00,2012-07-12 17:18:00,,,,VR2W,69,109973,,,NO,HECWL,NO
PES-002,PES,2,3,45.04668,-87.74454,45.04668,-87.74454,45.04668,-87.74454,2011-10-12 16:31:00,2012-06-21 16:30:00,2,0,2,VR2W,69,103686,"Donofrio, Michael C","",No,GBSTG,No
SGR-002,SGR,2,2,,,43.60963,-83.88658,,,2011-10-20 17:00:00,2012-07-17 20:45:00,,,,VR2W,69,109629,,,NO,HECWL,NO
PRS-003,PRS,3,2,,,45.34606,-83.43851,,,2011-10-25 17:09:00,2012-07-13 13:00:00,,,,VR2W,69,109502,,,NO,HECWL,NO
PRS-002,PRS,2,2,,,45.33988,-83.44838,,,2011-10-25 18:15:00,2012-07-13 13:29:00,,,,VR2W,69,109969,,,NO,HECWL,NO
PRS-001,PRS,1,2,,,45.33385,-83.45832,,,2011-10-25 18:50:00,2012-07-13 13:48:00,,,,VR2W,69,109887,,,NO,HECWL,NO
CE2-038,CE2,38,3,,,43.62807,-79.32715,,,2011-11-03 03:59:00,2012-05-16 04:00:00,,,,VR2W,69,105260,,,No,THFHA,Yes
EMA-014,EMA,14,5,,,43.62084,-79.34173,,,2011-11-03 03:59:00,2012-04-21 04:00:00,,,,VR2W,69,104771,,,No,THFHA,Yes
GAT-015,GAT,15,5,,,43.62300,-79.34426,,,2011-11-03 03:59:00,2012-05-15 04:00:00,,,,VR2W,69,109218,,,No,THFHA,Yes
GAT-016,GAT,16,5,,,43.62423,-79.34718,,,2011-11-03 03:59:00,2012-05-15 04:00:00,,,,VR2W,69,104773,,,No,THFHA,Yes
GAT-017,GAT,17,5,,,43.62546,-79.35013,,,2011-11-03 03:59:00,2012-05-15 04:00:00,,,,VR2W,69,111033,,,No,THFHA,Yes
GAT-018,GAT,18,5,,,43.62672,-79.35312,,,2011-11-03 03:59:00,2012-05-08 04:00:00,,,,VR2W,69,111035,,,No,THFHA,Yes
GAT-019,GAT,19,4,,,43.62562,-79.35557,,,2011-11-03 03:59:00,2012-05-08 04:00:00,,,,VR2W,69,111034,,,No,THFHA,Yes
GAT-022,GAT,22,5,,,43.62191,-79.34692,,,2011-11-03 03:59:00,2012-05-15 04:00:00,,,,VR2W,69,104769,,,No,THFHA,Yes
CHB-002,CHB,2,5,,,43.64033,-79.33105,,,2011-11-04 03:59:00,2012-04-18 04:00:00,,,,VR2W,69,109219,,,No,THFHA,No
EMB-013,EMB,13,5,,,43.62453,-79.33883,,,2011-11-04 03:59:00,2012-04-21 04:00:00,,,,VR2W,69,104778,,,No,THFHA,Yes
EMC-010,EMC,10,5,,,43.62758,-79.33495,,,2011-11-04 03:59:00,2012-04-21 04:00:00,,,,VR2W,69,104777,,,No,THFHA,Yes
GAT-020,GAT,20,5,,,43.62442,-79.35277,,,2011-11-04 03:59:00,2012-05-15 04:00:00,,,,VR2W,69,111031,,,No,THFHA,Yes
GAT-021,GAT,21,5,,,43.62313,-79.34986,,,2011-11-04 03:59:00,2012-05-15 04:00:00,,,,VR2W,69,111032,,,No,THFHA,Yes
LKO-053,LKO,53,3,,,43.63490,-79.32217,,,2011-11-04 03:59:00,2012-05-08 04:00:00,,,,VR2W,69,105540,,,No,THFHA,Yes
OHM-001,OHM,1,5,,,43.63956,-79.32485,,,2011-11-04 03:59:00,2012-04-21 04:00:00,,,,VR2W,69,104768,,,No,THFHA,No
DOR-034,DOR,34,4,,,43.64554,-79.35910,,,2011-11-05 03:59:00,2012-04-17 04:00:00,,,,VR2W,69,104774,,,No,THFHA,Yes
EAG-031,EAG,31,5,,,43.63459,-79.35335,,,2011-11-05 03:59:00,2012-06-25 04:00:00,,,,VR2W,69,104766,,,No,THFHA,Yes
EAG-032,EAG,32,5,,,43.63211,-79.35042,,,2011-11-05 03:59:00,2012-04-16 04:00:00,,,,VR2W,69,104767,,,No,THFHA,Yes
EXG-052,EXG,52,3,,,43.62927,-79.41886,,,2011-11-05 03:59:00,2012-04-21 04:00:00,,,,VR2W,69,113249,,,No,THFHA,Yes
MWF-051,MWF,51,3,,,43.63881,-79.37734,,,2011-11-05 03:59:00,2012-04-17 04:00:00,,,,VR2W,69,113144,,,No,THFHA,Yes
SPS-035,SPS,35,4,,,43.63744,-79.39143,,,2011-11-05 03:59:00,2012-04-17 04:00:00,,,,VR2W,69,104772,,,No,THFHA,Yes
TOI-027,TOI,27,5,,,43.62138,-79.38925,,,2011-11-05 03:59:00,2012-04-17 04:00:00,,,,VR2W,69,104770,,,No,THFHA,Yes
TOI-040,TOI,40,3,,,43.61615,-79.38708,,,2011-11-05 03:59:00,2012-04-17 04:00:00,,,,VR2W,69,113252,,,No,THFHA,Yes
TOI-041,TOI,41,3,,,43.62000,-79.38154,,,2011-11-05 03:59:00,2012-04-17 04:00:00,,,,VR2W,69,113253,,,No,THFHA,Yes
TOI-042,TOI,42,3,,,43.62103,-79.37122,,,2011-11-05 03:59:00,2012-04-17 04:00:00,,,,VR2W,69,113250,,,No,THFHA,Yes
TOI-043,TOI,43,3,,,43.62458,-79.36124,,,2011-11-05 03:59:00,2012-04-17 04:00:00,,,,VR2W,69,113251,,,No,THFHA,Yes
WEG-029,WEG,29,5,,,43.63326,-79.39591,,,2011-11-05 03:59:00,2012-04-17 04:00:00,,,,VR2W,69,109215,,,No,THFHA,Yes
DOR-050,DOR,50,3,,,43.64820,-79.35246,,,2011-11-10 04:59:00,2012-04-18 04:00:00,,,,VR2W,69,113145,,,No,THFHA,Yes
EMC-036,EMC,36,3,,,43.63072,-79.33061,,,2011-11-10 04:59:00,2012-04-18 04:00:00,,,,VR2W,69,113248,,,No,THFHA,Yes
EMC-009,EMC,9,5,,,43.62932,-79.33670,,,2011-11-10 04:59:00,2012-04-18 04:00:00,,,,VR2W,69,109217,,,No,THFHA,No
EMD-080,EMD,80,4,,,43.63258,-79.32763,,,2011-11-10 04:59:00,2012-04-19 04:00:00,,,,VR2W,69,109220,,,No,THFHA,No
TUB-049,TUB,49,3,,,43.64524,-79.34102,,,2011-11-10 04:59:00,2012-04-18 04:00:00,,,,VR2W,69,113146,,,No,THFHA,Yes
SCL-011,SCL,11,2,,,42.63231,-82.65217,,,2011-11-22 18:15:00,2012-05-23 18:28:00,10.4,,,VR2W,69,113698,,,NO,HECST,NO
MEN-001,MEN,1,3,45.10302,-87.62639,45.10302,-87.62639,45.10302,-87.62639,2011-11-28 16:31:00,2012-06-21 15:30:00,2,0,2,VR2W,69,114405,"Donofrio, Michael C","",No,GBSTG,No
SCL-012,SCL,12,2,,,42.62783,-82.64181,,,2011-12-08 19:00:00,2012-05-23 20:00:00,9.1,,,VR2W,69,113708,,,NO,HECST,NO
CE3-037,CE3,37,3,,,43.62619,-79.33060,,,2011-12-16 04:59:00,2012-05-16 04:00:00,,,,VR2W,69,105467,,,No,THFHA,Yes
TOI-044,TOI,44,3,,,43.63125,-79.35799,,,2011-12-16 04:59:00,2012-04-17 04:00:00,,,,VR2W,69,113254,,,No,THFHA,Yes
